CustomerID,Age,Gender,Income,AvgPurchaseValue,PurchaseFrequency,ProductUsage,LifetimeValue,Country,City,LoyaltyStatus,LastPurchaseDate,PreferredCategory,SatisfactionScore,AcquisitionChannel
1,47,Other,56541,52,6,15,2377,UK,New York,Silver,03:26.4,Food & Beverage,8,Email
2,38,Male,53883,66,5,8,1295,Germany,Melbourne,Bronze,03:26.4,Clothing,9.4,Email
3,50,Other,37779,38,5,7,239,USA,Sydney,Silver,03:26.4,Clothing,8.1,Paid Search
4,63,Male,62303,60,6,13,1248,USA,Melbourne,Gold,03:26.4,Clothing,7.1,Referral
5,36,Male,74085,69,6,12,3488,UK,Berlin,Bronze,03:26.4,Home & Garden,8.7,Referral
6,36,Female,69850,60,7,8,850,Canada,Melbourne,Bronze,03:26.4,Food & Beverage,9,Direct
7,64,Female,27885,33,2,10,328,USA,Melbourne,Platinum,03:26.4,Food & Beverage,7,Referral
8,52,Female,60298,61,5,4,1534,Germany,London,Bronze,03:26.4,Sports,7.3,Organic Search
9,33,Other,40369,113,5,11,2254,Germany,Munich,Bronze,03:26.4,Clothing,6.9,Direct
10,48,Male,86073,68,4,7,1124,USA,Chicago,Bronze,03:26.4,Electronics,8.7,Referral
11,33,Female,34137,88,6,10,2726,USA,Los Angeles,Gold,03:26.4,Electronics,7.6,Organic Search
12,33,Male,30387,48,8,6,1504,Canada,Melbourne,Bronze,03:26.4,Electronics,5.4,Paid Search
13,44,Female,26718,79,4,13,685,USA,Chicago,Silver,03:26.4,Books,8.1,Direct
14,18,Male,39920,63,3,11,1023,USA,London,Silver,03:26.4,Books,9.7,Social Media
15,18,Female,45861,34,6,11,1455,USA,Toronto,Bronze,03:26.4,Home & Garden,9.9,Referral
16,32,Female,46304,64,4,14,1726,Japan,Lyon,Bronze,03:26.4,Clothing,6.8,Direct
17,25,Female,43243,33,2,8,225,France,Chicago,Gold,03:26.4,Books,6.5,Email
18,45,Male,50793,40,3,3,298,USA,Berlin,Silver,03:26.4,Electronics,10,Direct
19,26,Female,32491,60,1,9,266,USA,Los Angeles,Bronze,03:26.4,Books,9.9,Email
20,19,Female,23476,63,9,15,4638,France,London,Bronze,03:26.4,Food & Beverage,8.2,Referral
21,62,Other,22473,30,5,10,948,Canada,Tokyo,Silver,03:26.4,Electronics,4.9,Organic Search
22,37,Male,59132,92,3,8,1778,France,Munich,Gold,03:26.4,Clothing,6.6,Email
23,41,Female,45943,73,4,10,1971,Japan,Vancouver,Bronze,03:26.4,Food & Beverage,5.9,Direct
24,19,Female,14358,38,3,10,673,UK,Vancouver,Silver,03:26.4,Home & Garden,10,Direct
25,32,Female,62842,25,4,13,531,USA,Melbourne,Bronze,03:26.4,Sports,5.2,Email
26,42,Female,92987,51,6,18,1927,France,Osaka,Bronze,03:26.4,Sports,10,Paid Search
27,23,Female,25388,44,4,13,683,Japan,London,Bronze,03:26.4,Food & Beverage,7.3,Paid Search
28,46,Other,42962,58,2,11,251,UK,Vancouver,Gold,03:26.4,Electronics,5.7,Paid Search
29,31,Male,28660,46,6,10,1761,Germany,Los Angeles,Silver,03:26.4,Books,9,Email
30,36,Female,49720,20,3,12,449,USA,Osaka,Gold,03:26.4,Books,8.4,Email
31,31,Female,20272,45,6,9,746,USA,Paris,Gold,03:26.4,Electronics,5.6,Direct
32,68,Female,35041,47,2,11,623,France,Toronto,Gold,03:26.4,Clothing,7.5,Referral
33,40,Male,59317,75,8,6,5014,Japan,Chicago,Bronze,03:26.4,Food & Beverage,9.6,Referral
34,24,Other,67363,39,3,5,577,Germany,Berlin,Bronze,03:26.4,Electronics,6.9,Organic Search
35,52,Other,44947,126,6,13,2551,France,Manchester,Platinum,03:26.4,Clothing,10,Email
36,22,Male,30653,21,4,6,441,USA,Munich,Gold,03:26.4,Home & Garden,6.4,Referral
37,43,Female,38773,105,5,10,2050,USA,Osaka,Gold,03:26.4,Home & Garden,5.1,Referral
38,18,Female,24865,49,6,8,1103,UK,Paris,Bronze,03:26.4,Food & Beverage,7.6,Paid Search
39,20,Male,28720,84,1,14,492,USA,Los Angeles,Bronze,03:26.4,Electronics,5.3,Paid Search
40,43,Male,38773,57,5,10,509,Germany,Tokyo,Gold,03:26.4,Home & Garden,7.7,Paid Search
41,40,Female,37413,97,7,7,1427,USA,New York,Bronze,03:26.4,Books,7.5,Social Media
42,43,Male,30609,45,6,15,1360,France,Tokyo,Silver,03:26.4,Clothing,6.4,Referral
43,38,Male,39579,32,6,6,937,Australia,Houston,Silver,03:26.4,Sports,10,Paid Search
44,35,Female,66258,111,7,12,4422,Canada,Houston,Bronze,03:26.4,Sports,7.5,Paid Search
45,18,Female,29637,52,4,8,1806,USA,Lyon,Bronze,03:26.4,Home & Garden,8.8,Email
46,29,Male,18189,61,3,7,953,Germany,Munich,Bronze,03:26.4,Clothing,8.9,Direct
47,33,Male,25569,101,8,9,5018,Japan,Paris,Bronze,03:26.4,Books,10,Paid Search
48,56,Female,48620,33,4,8,397,Germany,Los Angeles,Silver,03:26.4,Sports,5.7,Email
49,45,Male,50969,74,5,7,2403,USA,London,Bronze,03:26.4,Books,4.9,Organic Search
50,18,Male,44491,41,5,10,802,USA,Sydney,Bronze,03:26.4,Books,10,Paid Search
51,45,Other,69589,51,3,12,789,USA,Tokyo,Gold,03:26.4,Sports,8.4,Direct
52,34,Male,33084,57,9,8,2436,USA,Chicago,Silver,03:26.4,Sports,7.7,Email
53,30,Male,101324,26,8,12,1458,Australia,London,Bronze,03:26.4,Home & Garden,7.3,Direct
54,49,Male,54671,37,6,7,528,Australia,London,Gold,03:26.4,Food & Beverage,7,Paid Search
55,55,Female,10283,107,3,8,140,USA,New York,Platinum,03:26.4,Clothing,8.8,Organic Search
56,54,Female,89351,85,5,7,1944,USA,Vancouver,Bronze,03:26.4,Electronics,5.3,Paid Search
57,27,Female,24748,53,5,12,1571,USA,Houston,Silver,03:26.4,Clothing,8.2,Email
58,35,Female,21654,62,5,9,1635,Japan,Paris,Silver,03:26.4,Electronics,9,Organic Search
59,45,Male,47188,47,3,7,1055,UK,Manchester,Bronze,03:26.4,Sports,8.6,Organic Search
60,55,Female,15228,108,7,13,4424,Germany,Osaka,Gold,03:26.4,Books,7.4,Organic Search
61,33,Other,25649,49,3,8,574,Canada,Osaka,Platinum,03:26.4,Clothing,7.5,Social Media
62,37,Male,79106,61,0,11,0,Germany,Manchester,Platinum,03:26.4,Books,9.4,Email
63,23,Male,47959,97,6,13,2629,USA,Chicago,Bronze,03:26.4,Clothing,8.4,Social Media
64,22,Other,54509,37,6,7,1567,USA,Houston,Bronze,03:26.4,Food & Beverage,10,Direct
65,52,Male,26148,119,4,7,2007,Germany,Tokyo,Platinum,03:26.4,Beauty,4.9,Organic Search
66,60,Male,16828,25,5,6,642,UK,New York,Silver,03:26.4,Clothing,8.9,Social Media
67,39,Female,51710,123,9,13,6485,USA,Munich,Bronze,03:26.4,Books,6.3,Paid Search
68,55,Other,57822,45,5,9,673,USA,Los Angeles,Gold,03:26.4,Beauty,7.4,Social Media
69,45,Other,56528,48,4,11,1208,USA,London,Bronze,03:26.4,Home & Garden,9.6,Referral
70,30,Other,40317,21,3,11,527,Canada,Tokyo,Bronze,03:26.4,Food & Beverage,6,Direct
71,45,Female,22392,43,6,7,1215,Germany,Melbourne,Gold,03:26.4,Sports,10,Organic Search
72,63,Male,122870,32,2,3,178,Japan,Osaka,Bronze,03:26.4,Home & Garden,9.2,Organic Search
73,39,Female,46161,40,6,6,1177,USA,Paris,Bronze,03:26.4,Home & Garden,8.4,Direct
74,63,Female,33291,51,6,12,169,USA,Lyon,Bronze,03:26.4,Clothing,6.1,Direct
75,18,Female,33365,88,6,7,3000,USA,Tokyo,Silver,03:26.4,Sports,7.2,Email
76,52,Female,39136,61,5,4,1788,UK,London,Bronze,03:26.4,Food & Beverage,7,Paid Search
77,41,Other,61995,64,3,17,1595,Canada,Sydney,Silver,03:26.4,Beauty,5.7,Direct
78,36,Female,39927,32,4,7,582,France,Berlin,Silver,03:26.4,Clothing,9.1,Direct
79,41,Male,55785,35,4,11,818,USA,Munich,Gold,03:26.4,Electronics,6.9,Email
80,18,Female,39171,134,5,11,2199,UK,Berlin,Bronze,03:26.4,Clothing,7.2,Direct
81,40,Female,34332,38,4,10,648,Australia,Berlin,Gold,03:26.4,Beauty,7.3,Social Media
82,45,Female,50042,125,4,8,975,Japan,Vancouver,Bronze,03:26.4,Books,7.2,Referral
83,62,Female,49101,48,5,11,1115,Japan,Manchester,Silver,03:26.4,Food & Beverage,8.3,Referral
84,32,Female,33362,55,5,12,1200,France,Berlin,Silver,03:26.4,Food & Beverage,6.6,Referral
85,28,Other,24969,93,5,14,2610,Japan,Lyon,Bronze,03:26.4,Clothing,9,Direct
86,32,Female,43082,103,7,13,2709,USA,Melbourne,Gold,03:26.4,Electronics,6.6,Referral
87,54,Male,37766,52,3,9,801,USA,London,Bronze,03:26.4,Clothing,7.5,Paid Search
88,45,Other,27517,45,2,12,390,USA,Houston,Bronze,03:26.4,Beauty,5.5,Social Media
89,32,Male,23832,53,4,11,921,France,Melbourne,Bronze,03:26.4,Food & Beverage,9.1,Referral
90,48,Female,44589,65,4,5,1335,Japan,Houston,Silver,03:26.4,Electronics,9.5,Organic Search
91,55,Female,30333,55,3,9,1071,Germany,Melbourne,Bronze,03:26.4,Beauty,7.8,Social Media
92,29,Other,27174,74,5,7,1770,France,Paris,Bronze,03:26.4,Food & Beverage,7.4,Paid Search
93,35,Male,23978,124,5,7,2663,Japan,Houston,Silver,03:26.4,Clothing,5.2,Referral
94,34,Other,43964,66,5,14,1532,Germany,Paris,Silver,03:26.4,Food & Beverage,5.5,Paid Search
95,18,Female,24295,64,5,9,1139,Japan,London,Bronze,03:26.4,Electronics,8.6,Direct
96,44,Other,111365,26,3,4,328,USA,Manchester,Bronze,03:26.4,Beauty,7.2,Referral
97,44,Female,29580,15,10,12,1328,USA,Manchester,Silver,03:26.4,Sports,5.5,Organic Search
98,40,Other,10801,66,5,10,1052,UK,Melbourne,Gold,03:26.4,Books,5.4,Social Media
99,36,Male,35772,52,4,8,925,USA,Manchester,Gold,03:26.4,Home & Garden,8.5,Organic Search
100,19,Male,35013,42,4,10,713,USA,Los Angeles,Gold,03:26.4,Electronics,8.8,Referral
101,34,Female,63314,62,7,13,1945,France,Melbourne,Bronze,03:26.4,Books,5.2,Email
102,35,Female,41943,53,3,8,689,France,Munich,Platinum,03:26.4,Sports,7.7,Social Media
103,28,Male,23935,96,6,7,3200,France,Los Angeles,Bronze,03:26.4,Books,8.1,Paid Search
104,38,Female,31470,57,2,15,180,USA,Los Angeles,Platinum,03:26.4,Clothing,6.6,Referral
105,46,Male,42775,38,4,5,1063,UK,Los Angeles,Bronze,03:26.4,Home & Garden,9.4,Organic Search
106,68,Female,12304,90,4,6,2245,USA,Osaka,Silver,03:26.4,Electronics,7,Direct
107,43,Male,70920,49,4,16,493,USA,Houston,Bronze,03:26.4,Beauty,4.9,Email
108,44,Male,23967,71,8,8,262,UK,Toronto,Bronze,03:26.4,Food & Beverage,7.2,Direct
109,39,Other,73756,43,5,9,655,USA,Houston,Gold,03:26.4,Sports,9.6,Referral
110,18,Male,44189,39,8,11,1425,USA,Tokyo,Gold,03:26.4,Home & Garden,7,Paid Search
111,40,Other,49752,57,5,10,2893,France,Toronto,Platinum,03:26.4,Sports,5.9,Organic Search
112,41,Male,64519,55,7,4,2341,USA,Houston,Silver,03:26.4,Food & Beverage,8.4,Social Media
113,77,Female,48367,69,8,12,769,Japan,London,Silver,03:26.4,Books,7.9,Email
114,37,Female,50840,48,3,9,519,UK,Osaka,Bronze,03:26.4,Sports,7.5,Referral
115,45,Female,33449,22,4,9,427,Japan,Munich,Platinum,03:26.4,Sports,8.2,Referral
116,39,Male,43743,44,6,8,1453,USA,New York,Silver,03:26.4,Books,6.5,Referral
117,22,Other,27072,81,4,6,770,UK,Melbourne,Gold,03:26.4,Books,6.6,Referral
118,57,Male,30586,47,4,9,890,USA,Sydney,Silver,03:26.4,Food & Beverage,8.6,Organic Search
119,51,Male,96988,48,6,8,1032,Australia,New York,Silver,03:26.4,Home & Garden,6.1,Social Media
120,52,Other,24243,89,2,8,499,USA,Los Angeles,Platinum,03:26.4,Electronics,9.9,Paid Search
121,26,Other,39228,38,4,12,844,USA,Sydney,Bronze,03:26.4,Books,9.3,Email
122,61,Female,38435,25,2,10,331,Australia,New York,Bronze,03:26.4,Home & Garden,5.8,Referral
123,19,Male,31089,50,8,8,2693,USA,Lyon,Bronze,03:26.4,Food & Beverage,9.7,Direct
124,49,Female,46967,43,7,12,1845,USA,Tokyo,Gold,03:26.4,Sports,7.7,Referral
125,73,Female,38773,34,2,9,270,USA,Munich,Bronze,03:26.4,Sports,9.6,Social Media
126,25,Male,22859,50,5,8,1608,Germany,Lyon,Bronze,03:26.4,Beauty,7.7,Social Media
127,32,Female,38203,70,6,4,2353,USA,Lyon,Bronze,03:26.4,Clothing,7.2,Organic Search
128,41,Male,21138,54,7,11,2004,Canada,Munich,Silver,03:26.4,Books,7.1,Organic Search
129,32,Male,53867,64,7,8,1683,USA,Sydney,Silver,03:26.4,Food & Beverage,3.8,Direct
130,18,Female,39666,135,7,8,3791,UK,Melbourne,Bronze,03:26.4,Home & Garden,8.9,Direct
131,41,Male,37842,46,6,12,1421,France,Paris,Platinum,03:26.4,Beauty,6.4,Organic Search
132,24,Female,50489,63,5,12,3100,Canada,Chicago,Platinum,03:26.4,Home & Garden,8.9,Email
133,47,Other,31642,42,5,9,1186,Canada,Vancouver,Bronze,03:26.4,Electronics,10,Direct
134,26,Other,57355,36,8,11,1081,USA,Osaka,Gold,03:26.4,Beauty,6.6,Organic Search
135,63,Female,22602,41,7,12,951,USA,Munich,Silver,03:26.4,Food & Beverage,6.5,Referral
136,28,Male,73566,43,4,11,690,USA,Paris,Bronze,03:26.4,Home & Garden,9,Organic Search
137,35,Male,27572,65,5,10,3057,Canada,Vancouver,Bronze,03:26.4,Books,6.8,Email
138,22,Male,30814,38,5,16,1300,Japan,Vancouver,Silver,03:26.4,Clothing,6.5,Organic Search
139,43,Other,29115,44,2,10,377,USA,Osaka,Bronze,03:26.4,Sports,9.7,Referral
140,60,Other,30698,53,3,7,876,UK,Toronto,Gold,03:26.4,Sports,7,Direct
141,18,Male,40775,67,7,10,3067,UK,London,Silver,03:26.4,Beauty,8,Referral
142,43,Male,62876,62,3,6,721,UK,Vancouver,Silver,03:26.4,Home & Garden,9,Referral
143,44,Male,32996,104,8,12,3086,Australia,Lyon,Bronze,03:26.4,Home & Garden,8.3,Organic Search
144,52,Male,25699,16,1,6,135,USA,Lyon,Silver,03:26.4,Home & Garden,9.1,Referral
145,21,Other,20676,17,5,12,577,USA,London,Bronze,03:26.4,Home & Garden,5.3,Social Media
146,20,Female,28736,43,3,11,841,Germany,Los Angeles,Silver,03:26.4,Clothing,6.9,Paid Search
147,48,Other,14130,95,5,11,3107,USA,Lyon,Gold,03:26.4,Books,7.6,Paid Search
148,44,Other,25272,25,5,7,739,USA,New York,Gold,03:26.4,Clothing,6.4,Referral
149,44,Female,67645,12,2,11,219,USA,Melbourne,Bronze,03:26.4,Food & Beverage,9,Direct
150,45,Other,24060,73,7,7,2587,USA,London,Silver,03:26.4,Food & Beverage,6.7,Email
151,30,Other,49730,62,2,7,759,Germany,Berlin,Platinum,03:26.4,Clothing,6.4,Referral
152,43,Female,19668,32,4,12,266,USA,Los Angeles,Silver,03:26.4,Clothing,8.9,Direct
153,44,Male,88040,33,5,10,559,Canada,Lyon,Bronze,03:26.4,Sports,5.9,Referral
154,29,Female,91017,34,4,15,349,Canada,London,Silver,03:26.4,Food & Beverage,6,Organic Search
155,68,Female,48801,58,4,5,1742,Canada,Chicago,Bronze,03:26.4,Clothing,8.3,Direct
156,47,Female,98285,40,5,6,0,Japan,Vancouver,Gold,03:26.4,Home & Garden,9.5,Email
157,22,Male,43386,70,4,6,1173,USA,Chicago,Silver,03:26.4,Clothing,7.7,Referral
158,50,Male,53330,13,4,11,0,Japan,Sydney,Bronze,03:26.4,Home & Garden,5.1,Social Media
159,25,Male,68252,36,5,9,594,UK,Munich,Bronze,03:26.4,Beauty,8.5,Direct
160,40,Male,39730,31,7,7,875,France,Sydney,Bronze,03:26.4,Food & Beverage,6.6,Paid Search
161,57,Female,16711,48,6,6,2239,Canada,Paris,Platinum,03:26.4,Books,9.2,Direct
162,28,Female,53878,42,6,9,1450,Canada,Paris,Bronze,03:26.4,Sports,6.9,Social Media
163,54,Female,28683,81,8,13,2170,Australia,Paris,Silver,03:26.4,Books,9.2,Social Media
164,46,Male,29769,22,5,8,768,Australia,Toronto,Platinum,03:26.4,Beauty,6.9,Social Media
165,52,Male,42148,56,2,12,563,USA,Tokyo,Bronze,03:26.4,Books,6.5,Email
166,68,Male,38773,72,4,6,1465,USA,Los Angeles,Silver,03:26.4,Sports,4.6,Email
167,36,Male,39147,138,6,10,2151,Canada,Manchester,Silver,03:26.4,Home & Garden,6.5,Direct
168,40,Female,49904,43,3,13,389,Japan,Melbourne,Silver,03:26.4,Beauty,7.8,Email
169,27,Other,25504,64,3,6,645,USA,Manchester,Bronze,03:26.4,Beauty,7.7,Paid Search
170,28,Female,35548,22,5,10,564,Germany,London,Bronze,03:26.4,Home & Garden,8.4,Organic Search
171,39,Female,55522,17,5,9,426,France,Vancouver,Silver,03:26.4,Home & Garden,9.4,Direct
172,45,Female,88115,83,6,8,4042,France,New York,Platinum,03:26.4,Sports,7.5,Referral
173,44,Male,105158,54,2,13,628,UK,Manchester,Bronze,03:26.4,Food & Beverage,7.6,Referral
174,40,Male,45093,98,6,12,0,Canada,New York,Bronze,03:26.4,Clothing,9.2,Direct
175,40,Other,55271,27,4,10,607,Japan,Manchester,Bronze,03:26.4,Food & Beverage,7.8,Organic Search
176,62,Male,97811,71,3,12,446,Germany,Paris,Gold,03:26.4,Electronics,6.1,Referral
177,36,Female,25967,139,4,7,1706,France,Los Angeles,Bronze,03:26.4,Clothing,6.7,Direct
178,81,Male,49754,67,2,10,455,USA,Manchester,Gold,03:26.4,Food & Beverage,4.3,Direct
179,49,Female,53326,63,6,8,1382,Germany,Munich,Bronze,03:26.4,Clothing,6.1,Social Media
180,40,Other,74902,55,8,8,987,USA,Lyon,Platinum,03:26.4,Books,5,Paid Search
181,24,Female,20567,25,5,9,673,USA,Houston,Silver,03:26.4,Electronics,8,Referral
182,47,Other,22704,108,6,6,1405,France,London,Silver,03:26.4,Home & Garden,9.3,Paid Search
183,37,Other,36706,40,5,6,1149,UK,Osaka,Bronze,03:26.4,Clothing,6.1,Direct
184,51,Female,43865,70,5,16,3328,Germany,Toronto,Gold,03:26.4,Food & Beverage,6.1,Organic Search
185,40,Other,63668,25,6,13,351,USA,Osaka,Bronze,03:26.4,Sports,8.9,Direct
186,39,Female,47041,30,4,9,537,UK,Manchester,Bronze,03:26.4,Clothing,6.8,Referral
187,27,Other,33668,112,4,8,0,Canada,Lyon,Bronze,03:26.4,Home & Garden,7.9,Paid Search
188,18,Male,44722,46,5,9,1009,UK,Tokyo,Gold,03:26.4,Food & Beverage,8.6,Social Media
189,33,Male,42215,113,5,8,3549,USA,Vancouver,Gold,03:26.4,Clothing,6.4,Social Media
190,53,Male,86900,53,4,15,1353,France,Melbourne,Silver,03:26.4,Beauty,6.5,Direct
191,43,Male,39452,22,4,7,448,Australia,Tokyo,Silver,03:26.4,Books,6.7,Organic Search
192,40,Female,29985,85,7,14,4047,USA,Toronto,Bronze,03:26.4,Books,5.2,Email
193,43,Female,45470,41,5,9,2051,USA,New York,Gold,03:26.4,Clothing,8.2,Referral
194,46,Female,38773,77,4,9,2609,Germany,Chicago,Gold,03:26.4,Books,8.4,Direct
195,27,Female,16556,55,3,16,656,Germany,Munich,Silver,03:26.4,Sports,7.6,Social Media
196,42,Male,36032,25,9,5,477,France,Berlin,Silver,03:26.4,Electronics,9.5,Social Media
197,40,Female,34532,59,6,7,1489,Germany,Tokyo,Platinum,03:26.4,Clothing,7.1,Organic Search
198,45,Female,60949,70,4,8,1649,USA,Berlin,Silver,03:26.4,Beauty,8.2,Referral
199,48,Male,24518,53,7,13,979,USA,Toronto,Bronze,03:26.4,Sports,6.3,Organic Search
200,56,Other,45607,93,6,10,2723,USA,Chicago,Silver,03:26.4,Sports,9.2,Paid Search
201,56,Other,33728,61,6,10,2430,Germany,Vancouver,Silver,03:26.4,Beauty,7.7,Organic Search
202,19,Other,38325,61,2,10,582,USA,Toronto,Bronze,03:26.4,Home & Garden,9,Referral
203,26,Other,44618,32,6,8,590,Japan,Tokyo,Bronze,03:26.4,Clothing,5.5,Referral
204,48,Other,18887,61,4,11,1804,Australia,New York,Silver,03:26.4,Clothing,7.7,Paid Search
205,48,Female,39968,92,7,9,797,Australia,Los Angeles,Silver,03:26.4,Clothing,6.8,Direct
206,48,Male,114059,36,8,18,1249,Japan,Lyon,Silver,03:26.4,Electronics,6.2,Organic Search
207,90,Male,16674,111,6,11,3283,Canada,Toronto,Bronze,03:26.4,Sports,9.6,Referral
208,49,Other,35284,52,3,10,787,Australia,Melbourne,Gold,03:26.4,Clothing,7.8,Referral
209,57,Other,63680,35,4,10,751,USA,Berlin,Silver,03:26.4,Books,5.3,Paid Search
210,54,Male,42227,90,5,5,2797,USA,Lyon,Bronze,03:26.4,Home & Garden,6.8,Email
211,50,Female,51225,47,3,8,700,France,Houston,Bronze,03:26.4,Beauty,8.9,Organic Search
212,35,Male,11072,80,5,17,1702,USA,Berlin,Gold,03:26.4,Beauty,6.2,Referral
213,51,Male,48978,47,8,12,1580,Japan,Chicago,Gold,03:26.4,Electronics,6.1,Social Media
214,28,Female,24814,53,8,9,1601,Germany,New York,Bronze,03:26.4,Food & Beverage,7.3,Paid Search
215,36,Male,42401,70,5,10,2297,France,Vancouver,Platinum,03:26.4,Beauty,8.2,Email
216,33,Female,35785,63,5,15,1170,USA,Tokyo,Bronze,03:26.4,Home & Garden,6.4,Email
217,41,Female,113456,20,8,14,1078,Germany,Munich,Platinum,03:26.4,Food & Beverage,8.1,Paid Search
218,75,Other,47732,31,5,14,785,USA,Melbourne,Bronze,03:26.4,Sports,7.6,Email
219,40,Female,34327,87,4,11,1376,Australia,London,Bronze,03:26.4,Beauty,7.7,Referral
220,50,Female,17071,51,3,14,956,USA,Houston,Silver,03:26.4,Food & Beverage,3.9,Email
221,18,Male,38583,42,7,9,1043,Germany,Munich,Bronze,03:26.4,Food & Beverage,7.5,Organic Search
222,40,Male,54809,28,4,14,695,USA,Toronto,Silver,03:26.4,Beauty,7.1,Social Media
223,56,Other,34882,32,4,9,691,USA,Houston,Gold,03:26.4,Books,8.1,Referral
224,41,Female,28203,20,5,9,378,Canada,Osaka,Gold,03:26.4,Sports,6.5,Paid Search
225,24,Male,27274,52,3,11,943,USA,Chicago,Silver,03:26.4,Clothing,6.9,Social Media
226,29,Other,38773,40,5,9,1233,France,New York,Silver,03:26.4,Home & Garden,8.3,Direct
227,50,Male,53087,34,4,10,985,USA,Sydney,Bronze,03:26.4,Beauty,9.7,Referral
228,29,Female,71726,53,6,11,2195,USA,Osaka,Bronze,03:26.4,Books,5.5,Social Media
229,43,Other,22082,65,5,10,1959,UK,Vancouver,Silver,03:26.4,Home & Garden,8.3,Email
230,30,Male,34172,26,2,8,507,USA,Toronto,Gold,03:26.4,Electronics,8.5,Paid Search
231,72,Other,34679,97,5,8,1069,Australia,Osaka,Silver,03:26.4,Books,9.2,Paid Search
232,50,Male,44396,89,3,10,1838,USA,Osaka,Bronze,03:26.4,Food & Beverage,6.7,Organic Search
233,18,Male,44526,37,3,14,650,USA,Osaka,Silver,03:26.4,Electronics,9.4,Email
234,43,Male,47306,60,5,9,801,USA,Paris,Bronze,03:26.4,Beauty,6.4,Organic Search
235,30,Male,21403,43,4,11,825,Canada,New York,Silver,03:26.4,Books,7.6,Organic Search
236,53,Female,24962,60,3,9,870,UK,Toronto,Gold,03:26.4,Clothing,6.7,Email
237,28,Female,76339,116,4,13,3535,USA,Vancouver,Silver,03:26.4,Food & Beverage,6.8,Referral
238,38,Other,32523,74,2,4,528,France,Munich,Bronze,03:26.4,Home & Garden,4.9,Direct
239,48,Other,42320,70,6,9,1891,USA,Toronto,Gold,03:26.4,Home & Garden,4.5,Organic Search
240,53,Female,61533,44,7,11,101,Canada,New York,Bronze,03:26.4,Food & Beverage,9.3,Social Media
241,40,Other,45785,26,3,13,661,USA,Melbourne,Gold,03:26.4,Food & Beverage,4.8,Direct
242,35,Female,47727,49,5,4,703,Germany,Toronto,Silver,03:26.4,Sports,7.9,Referral
243,33,Male,56800,100,4,7,2257,Japan,Munich,Silver,03:26.4,Books,5.6,Email
244,30,Female,12603,25,6,17,732,UK,New York,Gold,03:26.4,Books,6.2,Paid Search
245,66,Male,28425,32,6,10,929,Japan,Paris,Gold,03:26.4,Food & Beverage,8.5,Referral
246,46,Male,45904,58,2,15,770,USA,Chicago,Bronze,03:26.4,Electronics,7.7,Organic Search
247,21,Other,72680,33,2,4,557,USA,Lyon,Bronze,03:26.4,Books,7.3,Social Media
248,54,Female,37536,37,5,9,1011,USA,Sydney,Gold,03:26.4,Home & Garden,9.2,Direct
249,72,Other,23805,44,2,9,558,USA,Los Angeles,Bronze,03:26.4,Books,7.1,Email
250,55,Other,24124,28,7,20,1092,USA,Sydney,Silver,03:26.4,Sports,9.3,Paid Search
251,18,Male,56496,34,4,17,944,USA,New York,Gold,03:26.4,Sports,5.9,Direct
252,33,Male,32569,78,5,6,1581,Canada,Houston,Silver,03:26.4,Food & Beverage,5.7,Social Media
253,59,Male,36185,28,7,11,1421,USA,Los Angeles,Gold,03:26.4,Home & Garden,7.3,Paid Search
254,29,Other,49391,25,5,12,887,USA,Toronto,Gold,03:26.4,Home & Garden,7.5,Email
255,47,Female,38773,40,7,14,1998,USA,Munich,Silver,03:26.4,Home & Garden,6.2,Direct
256,52,Male,98734,79,1,17,290,Australia,New York,Gold,03:26.4,Books,7.1,Referral
257,26,Male,25197,49,3,10,692,USA,Lyon,Silver,03:26.4,Books,9.5,Organic Search
258,39,Male,40985,43,4,7,949,France,Munich,Silver,03:26.4,Clothing,6.9,Email
259,18,Male,15485,56,9,8,1135,Germany,New York,Silver,03:26.4,Beauty,4.6,Social Media
260,25,Female,29399,23,4,9,747,Canada,Paris,Gold,03:26.4,Food & Beverage,4.9,Referral
261,36,Female,67666,70,5,10,1739,USA,Munich,Gold,03:26.4,Beauty,10,Direct
262,21,Female,13932,66,6,11,2209,USA,Houston,Bronze,03:26.4,Electronics,9.7,Paid Search
263,64,Other,63774,44,6,9,1027,UK,London,Bronze,03:26.4,Books,6.8,Referral
264,19,Other,31671,90,3,9,635,USA,Melbourne,Platinum,03:26.4,Clothing,8.7,Referral
265,33,Male,46332,31,3,6,353,USA,Melbourne,Silver,03:26.4,Clothing,7.9,Social Media
266,42,Male,50451,96,5,16,2609,USA,Los Angeles,Bronze,03:26.4,Sports,9.4,Organic Search
267,62,Other,45284,59,7,8,2620,Australia,Los Angeles,Silver,03:26.4,Books,5.9,Referral
268,18,Female,23565,46,6,13,1474,Canada,New York,Platinum,03:26.4,Clothing,5.9,Referral
269,57,Female,30264,54,6,13,1847,Germany,Toronto,Gold,03:26.4,Sports,9.5,Organic Search
270,40,Female,17487,52,4,9,895,Canada,Vancouver,Gold,03:26.4,Electronics,5.3,Organic Search
271,25,Male,46439,100,7,11,4216,Australia,Osaka,Bronze,03:26.4,Sports,7.6,Paid Search
272,47,Female,85053,32,4,15,1015,UK,Sydney,Gold,03:26.4,Electronics,7.4,Direct
273,43,Female,14585,37,8,9,1912,Canada,Vancouver,Silver,03:26.4,Beauty,8.7,Paid Search
274,31,Other,24814,92,5,7,3034,Japan,Los Angeles,Gold,03:26.4,Beauty,7.7,Organic Search
275,41,Male,33160,41,5,17,1133,France,Osaka,Bronze,03:26.4,Home & Garden,7.3,Email
276,34,Female,39603,86,4,13,683,USA,Lyon,Bronze,03:26.4,Home & Garden,6.9,Organic Search
277,42,Other,56364,128,5,8,1859,USA,Lyon,Silver,03:26.4,Food & Beverage,6,Paid Search
278,50,Male,33654,45,2,10,528,France,London,Bronze,03:26.4,Sports,7.3,Social Media
279,64,Female,31009,77,3,7,1146,Australia,Vancouver,Gold,03:26.4,Food & Beverage,9.2,Social Media
280,21,Male,63043,31,7,12,1262,UK,Manchester,Platinum,03:26.4,Home & Garden,7.1,Direct
281,72,Other,50564,80,5,7,3326,UK,Vancouver,Silver,03:26.4,Books,9.6,Referral
282,18,Male,47548,60,6,6,2335,Germany,Berlin,Gold,03:26.4,Sports,8.6,Social Media
283,38,Female,38417,69,7,6,3640,Canada,Munich,Silver,03:26.4,Clothing,8.2,Paid Search
284,49,Female,59372,40,2,8,410,Germany,Los Angeles,Gold,03:26.4,Books,7.3,Social Media
285,44,Other,26156,24,7,7,564,USA,London,Gold,03:26.4,Food & Beverage,6.6,Email
286,31,Male,24432,70,5,7,1715,Japan,Toronto,Gold,03:26.4,Sports,10,Organic Search
287,37,Male,52736,19,5,12,330,France,New York,Silver,03:26.4,Food & Beverage,8.7,Organic Search
288,33,Female,16115,47,7,9,2647,Germany,Chicago,Silver,03:26.4,Beauty,7.3,Paid Search
289,31,Female,38028,87,6,19,3451,USA,Houston,Gold,03:26.4,Electronics,10,Referral
290,53,Other,30999,60,5,7,1815,USA,Lyon,Bronze,03:26.4,Food & Beverage,8.4,Organic Search
291,45,Male,17982,145,0,5,0,Canada,Los Angeles,Gold,03:26.4,Home & Garden,5.4,Social Media
292,30,Female,22797,91,7,11,612,Germany,London,Platinum,03:26.4,Home & Garden,6.9,Email
293,53,Male,34390,39,5,8,1216,Germany,Osaka,Silver,03:26.4,Home & Garden,8.6,Referral
294,45,Other,60900,55,5,18,658,USA,New York,Gold,03:26.4,Sports,9.8,Referral
295,52,Other,26200,53,6,11,1595,Germany,Chicago,Gold,03:26.4,Books,10,Referral
296,49,Male,66615,25,8,4,867,Australia,Lyon,Silver,03:26.4,Electronics,7.5,Organic Search
297,28,Other,37481,34,4,5,863,USA,Berlin,Silver,03:26.4,Home & Garden,8.4,Direct
298,32,Other,69926,41,6,6,1350,Canada,Paris,Gold,03:26.4,Books,6.6,Referral
299,51,Male,26843,20,4,12,607,France,Melbourne,Silver,03:26.4,Food & Beverage,6.2,Paid Search
300,49,Male,35440,56,1,12,212,UK,Los Angeles,Bronze,03:26.4,Clothing,5,Social Media
301,40,Female,43662,48,3,11,928,Germany,Toronto,Gold,03:26.4,Beauty,8.1,Direct
302,42,Female,33198,24,4,16,504,UK,Houston,Silver,03:26.4,Clothing,9.4,Email
303,59,Female,58484,67,5,14,578,Japan,Lyon,Gold,03:26.4,Electronics,8.7,Social Media
304,31,Female,38773,78,4,17,988,USA,Chicago,Bronze,03:26.4,Home & Garden,7.6,Paid Search
305,48,Other,121930,61,5,9,1437,Canada,Toronto,Bronze,03:26.4,Clothing,9.3,Paid Search
306,37,Female,55764,46,2,16,671,USA,Osaka,Platinum,03:26.4,Beauty,10,Direct
307,37,Female,33297,73,2,12,870,USA,Vancouver,Bronze,03:26.4,Books,6.3,Social Media
308,56,Male,27552,77,5,8,1022,USA,New York,Gold,03:26.4,Books,3.9,Organic Search
309,52,Male,23548,64,5,7,1502,USA,Los Angeles,Gold,03:26.4,Clothing,8,Paid Search
310,52,Male,50152,36,5,6,1633,Japan,New York,Gold,03:26.4,Food & Beverage,9.1,Referral
311,60,Other,59724,63,6,15,1965,Japan,Chicago,Bronze,03:26.4,Food & Beverage,5.2,Email
312,40,Male,33481,99,4,10,1725,USA,Manchester,Silver,03:26.4,Home & Garden,8.7,Email
313,50,Male,63164,41,9,10,2182,Germany,Manchester,Gold,03:26.4,Beauty,7,Paid Search
314,45,Male,21123,42,2,9,343,Australia,Vancouver,Silver,03:26.4,Home & Garden,6.1,Social Media
315,38,Female,38773,55,3,11,1000,Germany,Lyon,Silver,03:26.4,Sports,6,Email
316,41,Male,48803,39,4,10,678,USA,Berlin,Bronze,03:26.4,Clothing,5.8,Referral
317,49,Male,73015,61,6,9,2358,France,Melbourne,Gold,03:26.4,Sports,8.5,Referral
318,28,Female,23695,23,7,7,854,France,London,Gold,03:26.4,Clothing,6.6,Organic Search
319,71,Male,22885,42,4,13,991,UK,Los Angeles,Platinum,03:26.4,Electronics,7.9,Paid Search
320,25,Other,30354,32,5,8,551,Japan,Paris,Silver,03:26.4,Home & Garden,7.5,Referral
321,22,Male,24052,58,5,5,981,Japan,Los Angeles,Gold,03:26.4,Beauty,5.7,Social Media
322,40,Female,51673,90,3,5,1856,UK,Osaka,Bronze,03:26.4,Food & Beverage,7.6,Email
323,52,Male,24945,75,3,10,1095,Germany,Chicago,Silver,03:26.4,Food & Beverage,7.9,Organic Search
324,49,Male,38773,17,7,14,650,Japan,Manchester,Silver,03:26.4,Home & Garden,9.1,Social Media
325,49,Other,38988,152,3,10,1995,USA,Munich,Platinum,03:26.4,Clothing,9.7,Email
326,40,Male,19054,63,8,8,3441,USA,Tokyo,Gold,03:26.4,Food & Beverage,6,Paid Search
327,27,Male,14769,37,8,10,1121,USA,Berlin,Platinum,03:26.4,Books,8,Social Media
328,40,Female,38818,59,5,11,1396,Australia,Sydney,Gold,03:26.4,Sports,4.2,Email
329,30,Other,15144,60,5,12,1959,France,Melbourne,Gold,03:26.4,Beauty,8.8,Organic Search
330,55,Male,53511,39,3,8,862,USA,Chicago,Bronze,03:26.4,Beauty,9.1,Email
331,38,Female,18076,60,3,14,715,Japan,Berlin,Gold,03:26.4,Food & Beverage,3.5,Referral
332,40,Female,11845,40,6,9,2157,France,Lyon,Silver,03:26.4,Home & Garden,7,Organic Search
333,35,Other,31354,45,5,9,1255,Australia,Lyon,Bronze,03:26.4,Home & Garden,6.2,Social Media
334,46,Male,39038,39,4,5,452,USA,Munich,Bronze,03:26.4,Clothing,7,Direct
335,32,Other,46432,27,6,3,918,UK,Osaka,Silver,03:26.4,Books,6.7,Paid Search
336,28,Male,39577,59,3,13,746,Germany,Lyon,Bronze,03:26.4,Sports,7.4,Organic Search
337,44,Male,21383,73,12,7,5152,UK,Manchester,Silver,03:26.4,Books,9,Organic Search
338,44,Male,51872,71,1,7,347,Germany,Toronto,Silver,03:26.4,Beauty,7,Organic Search
339,32,Male,58693,82,6,6,2541,Australia,Paris,Platinum,03:26.4,Books,6,Email
340,33,Male,19873,64,1,12,204,USA,Munich,Gold,03:26.4,Food & Beverage,7.2,Referral
341,43,Other,33173,42,6,8,1752,Australia,Chicago,Silver,03:26.4,Clothing,7.1,Direct
342,18,Male,31659,83,1,11,223,USA,Paris,Bronze,03:26.4,Books,7.4,Paid Search
343,19,Female,40546,28,4,12,308,USA,London,Bronze,03:26.4,Sports,6.6,Paid Search
344,29,Male,32779,35,3,8,599,USA,Berlin,Bronze,03:26.4,Beauty,8,Referral
345,37,Female,35104,34,3,7,830,USA,Lyon,Bronze,03:26.4,Electronics,9.4,Email
346,45,Other,50057,94,5,5,2012,USA,Vancouver,Platinum,03:26.4,Beauty,5.6,Email
347,62,Male,20808,87,5,2,2800,Australia,Chicago,Silver,03:26.4,Electronics,8.2,Referral
348,53,Other,52506,70,5,12,2489,Germany,Osaka,Bronze,03:26.4,Sports,8.9,Referral
349,38,Other,64252,93,9,12,5567,Canada,Toronto,Bronze,03:26.4,Beauty,6.8,Social Media
350,40,Other,82213,35,3,6,462,Germany,London,Silver,03:26.4,Beauty,9.4,Email
351,25,Male,12436,65,3,6,549,USA,Manchester,Silver,03:26.4,Beauty,7.4,Organic Search
352,40,Other,33142,51,6,12,180,USA,Sydney,Bronze,03:26.4,Beauty,5.8,Paid Search
353,36,Other,13595,83,6,10,2238,Germany,Osaka,Platinum,03:26.4,Clothing,5.6,Email
354,45,Female,10748,52,3,9,1137,Germany,Melbourne,Bronze,03:26.4,Home & Garden,8.7,Referral
355,40,Female,39028,45,7,13,868,France,Lyon,Bronze,03:26.4,Beauty,8.5,Organic Search
356,48,Other,29745,72,4,11,1832,Canada,Houston,Bronze,03:26.4,Clothing,9.8,Social Media
357,63,Other,42189,85,1,14,262,France,Los Angeles,Silver,03:26.4,Sports,8.5,Direct
358,38,Other,46308,39,7,8,1426,Germany,Munich,Bronze,03:26.4,Beauty,7.4,Social Media
359,46,Male,67775,53,7,10,2378,Japan,Osaka,Bronze,03:26.4,Books,8.2,Organic Search
360,50,Female,37308,32,2,10,237,USA,Los Angeles,Bronze,03:26.4,Beauty,7.6,Organic Search
361,34,Female,156636,16,5,8,418,UK,Lyon,Silver,03:26.4,Food & Beverage,7,Referral
362,43,Other,42328,60,6,8,1510,Germany,Chicago,Bronze,03:26.4,Beauty,6.7,Direct
363,40,Other,91239,74,9,10,4271,Japan,Manchester,Bronze,03:26.4,Electronics,4.9,Referral
364,41,Other,11312,62,3,10,1022,USA,New York,Silver,03:26.4,Books,6.4,Paid Search
365,28,Other,71316,21,4,11,421,UK,Melbourne,Bronze,03:26.4,Beauty,7.5,Direct
366,40,Male,33177,46,10,16,3719,USA,London,Silver,03:26.4,Beauty,3.4,Direct
367,47,Other,13709,18,4,8,456,UK,Vancouver,Bronze,03:26.4,Beauty,6.7,Paid Search
368,62,Other,44814,108,4,7,1568,USA,Melbourne,Bronze,03:26.4,Clothing,8.9,Social Media
369,54,Male,31211,32,4,10,613,USA,Los Angeles,Silver,03:26.4,Sports,9.5,Organic Search
370,72,Male,48534,102,7,7,3471,UK,Berlin,Bronze,03:26.4,Electronics,6.7,Social Media
371,28,Male,60207,88,8,15,3617,USA,Sydney,Bronze,03:26.4,Beauty,6.7,Referral
372,53,Female,17248,35,6,12,2098,USA,Lyon,Silver,03:26.4,Sports,6.4,Email
373,43,Female,60322,31,6,11,1068,USA,Toronto,Platinum,03:26.4,Electronics,6.7,Referral
374,73,Other,36433,65,3,12,181,USA,Los Angeles,Gold,03:26.4,Electronics,9.2,Email
375,28,Female,71426,36,5,10,701,Japan,Chicago,Gold,03:26.4,Food & Beverage,9.9,Organic Search
376,27,Other,32775,57,6,7,391,UK,London,Gold,03:26.4,Electronics,5,Organic Search
377,31,Male,28704,43,2,10,372,Australia,London,Platinum,03:26.4,Beauty,6.3,Direct
378,18,Other,36810,22,8,9,184,Canada,Munich,Gold,03:26.4,Clothing,4.7,Organic Search
379,32,Female,38213,18,5,14,291,Japan,New York,Silver,03:26.4,Beauty,7.5,Paid Search
380,29,Male,26072,61,4,9,479,Canada,Tokyo,Bronze,03:26.4,Beauty,6.8,Paid Search
381,42,Other,28335,41,4,14,951,UK,Munich,Bronze,03:26.4,Sports,8,Email
382,45,Other,19664,41,2,8,414,Canada,Melbourne,Silver,03:26.4,Home & Garden,8.5,Social Media
383,68,Other,29222,77,5,11,2167,France,Paris,Platinum,03:26.4,Home & Garden,8.3,Direct
384,54,Other,50927,98,5,10,2352,UK,Paris,Silver,03:26.4,Food & Beverage,5,Social Media
385,31,Female,33905,48,4,9,421,USA,Lyon,Gold,03:26.4,Home & Garden,7.5,Email
386,27,Other,38773,46,2,15,555,USA,Houston,Silver,03:26.4,Sports,5,Paid Search
387,47,Male,33100,70,4,14,2480,Germany,Vancouver,Silver,03:26.4,Books,10,Referral
388,20,Male,17752,28,4,14,645,Canada,Manchester,Silver,03:26.4,Food & Beverage,7,Direct
389,67,Male,48954,61,1,7,253,USA,Osaka,Silver,03:26.4,Sports,5.5,Email
390,58,Female,25931,72,8,9,1234,USA,Chicago,Bronze,03:26.4,Electronics,6.7,Social Media
391,33,Male,32316,77,4,8,977,UK,Osaka,Gold,03:26.4,Beauty,7.8,Email
392,18,Other,67426,21,10,13,1224,Australia,Melbourne,Gold,03:26.4,Books,8.6,Email
393,60,Male,20324,37,6,14,1600,USA,Chicago,Gold,03:26.4,Electronics,9.5,Organic Search
394,38,Male,39434,35,3,10,583,USA,Manchester,Bronze,03:26.4,Food & Beverage,7.6,Paid Search
395,59,Other,35587,57,6,11,2273,Australia,Manchester,Gold,03:26.4,Beauty,7,Direct
396,18,Male,51558,69,4,5,1782,Germany,Manchester,Bronze,03:26.4,Beauty,8.5,Organic Search
397,31,Male,55691,115,3,12,2082,USA,New York,Bronze,03:26.4,Food & Beverage,8.5,Paid Search
398,40,Male,41437,43,2,9,314,Australia,Manchester,Gold,03:26.4,Electronics,7.7,Email
399,41,Male,38773,43,3,11,683,Canada,Manchester,Bronze,03:26.4,Sports,8.7,Paid Search
400,33,Other,46013,97,5,11,1602,Canada,Los Angeles,Bronze,03:26.4,Home & Garden,6.6,Social Media
401,24,Male,35823,103,4,3,2331,Japan,Berlin,Gold,03:26.4,Food & Beverage,4.5,Organic Search
402,38,Other,31773,63,3,10,1582,USA,London,Bronze,03:26.4,Food & Beverage,9.6,Direct
403,42,Female,44094,31,6,3,437,USA,Manchester,Silver,03:26.4,Beauty,6.8,Email
404,48,Other,37026,28,5,9,836,USA,Osaka,Silver,03:26.4,Clothing,9.6,Social Media
405,51,Female,18604,25,5,8,1001,USA,Los Angeles,Gold,03:26.4,Beauty,6.5,Paid Search
406,23,Female,40932,76,4,7,1982,USA,Osaka,Gold,03:26.4,Home & Garden,8,Paid Search
407,18,Male,18520,99,4,6,2638,USA,Osaka,Silver,03:26.4,Beauty,7.6,Social Media
408,59,Female,43793,138,6,2,5100,Japan,Osaka,Bronze,03:26.4,Clothing,6.6,Paid Search
409,45,Male,24378,83,4,15,2529,Australia,Houston,Bronze,03:26.4,Food & Beverage,8.2,Organic Search
410,29,Other,36991,98,6,14,1655,UK,London,Silver,03:26.4,Sports,9.4,Referral
411,63,Male,44148,41,4,16,364,UK,Vancouver,Gold,03:26.4,Beauty,10,Paid Search
412,42,Female,38773,31,5,8,764,USA,London,Bronze,03:26.4,Books,8.6,Email
413,58,Male,52648,84,5,8,283,USA,New York,Bronze,03:26.4,Sports,5.7,Paid Search
414,41,Female,71855,67,4,8,2008,USA,Manchester,Gold,03:26.4,Clothing,5.4,Direct
415,71,Male,92584,58,5,8,2144,France,Sydney,Silver,03:26.4,Electronics,9.2,Email
416,66,Male,46380,66,3,14,822,USA,London,Gold,03:26.4,Beauty,6,Paid Search
417,36,Other,41892,64,4,9,1093,Australia,Sydney,Gold,03:26.4,Food & Beverage,8.4,Paid Search
418,55,Other,21304,104,6,15,3022,Germany,Houston,Gold,03:26.4,Food & Beverage,7.7,Email
419,50,Female,34258,104,6,9,3195,USA,New York,Silver,03:26.4,Sports,9.5,Organic Search
420,61,Other,25297,72,1,14,377,USA,Tokyo,Silver,03:26.4,Beauty,8.3,Referral
421,26,Male,29717,83,3,13,1529,Germany,Manchester,Platinum,03:26.4,Books,7.5,Referral
422,50,Other,92534,71,4,15,1315,Japan,Munich,Silver,03:26.4,Beauty,10,Organic Search
423,56,Other,38458,43,6,9,1791,France,London,Bronze,03:26.4,Sports,8.7,Paid Search
424,22,Male,72205,27,3,9,309,UK,Munich,Silver,03:26.4,Sports,6.5,Organic Search
425,18,Male,58550,92,14,11,9930,USA,New York,Platinum,03:26.4,Clothing,5.8,Organic Search
426,36,Other,60104,30,5,10,343,Japan,Toronto,Bronze,03:26.4,Sports,7.1,Referral
427,51,Male,13319,63,4,7,1213,France,Berlin,Bronze,03:26.4,Food & Beverage,5.3,Email
428,63,Male,96215,36,5,6,1241,Germany,Osaka,Gold,03:26.4,Books,7,Social Media
429,41,Female,27467,72,5,7,1279,Canada,Toronto,Platinum,03:26.4,Sports,8.7,Email
430,64,Female,38773,54,7,10,2111,Germany,Sydney,Bronze,03:26.4,Sports,9,Paid Search
431,19,Male,128271,25,7,5,1048,USA,Melbourne,Bronze,03:26.4,Books,7,Email
432,18,Female,106688,67,7,9,1547,USA,Melbourne,Silver,03:26.4,Sports,10,Direct
433,39,Other,22275,41,2,12,397,USA,Munich,Bronze,03:26.4,Food & Beverage,9.4,Social Media
434,46,Other,17637,85,5,11,1988,Japan,Lyon,Gold,03:26.4,Books,7.5,Social Media
435,40,Male,74249,55,3,10,639,Germany,Chicago,Bronze,03:26.4,Food & Beverage,9.2,Organic Search
436,18,Female,38989,67,7,7,4473,USA,Berlin,Bronze,03:26.4,Food & Beverage,6.6,Direct
437,39,Male,28270,34,2,14,235,Australia,Sydney,Bronze,03:26.4,Food & Beverage,7.9,Paid Search
438,20,Male,49544,41,6,8,1710,USA,Osaka,Bronze,03:26.4,Clothing,7,Organic Search
439,50,Male,33475,43,4,12,732,USA,Berlin,Bronze,03:26.4,Books,5.7,Email
440,45,Female,51568,84,8,16,1895,USA,Houston,Bronze,03:26.4,Clothing,8.3,Email
441,26,Female,37552,126,5,9,3287,UK,Osaka,Gold,03:26.4,Clothing,7.5,Referral
442,32,Other,52114,37,1,7,230,UK,Houston,Bronze,03:26.4,Books,7.6,Organic Search
443,24,Male,23219,94,2,6,1280,Canada,Paris,Platinum,03:26.4,Sports,7.5,Direct
444,39,Female,74030,18,3,6,450,France,Manchester,Bronze,03:26.4,Beauty,6.2,Organic Search
445,54,Other,51473,30,6,10,1964,USA,London,Silver,03:26.4,Home & Garden,9.9,Organic Search
446,25,Male,50169,34,8,8,1488,France,Paris,Bronze,03:26.4,Beauty,7.9,Organic Search
447,48,Other,20768,28,4,12,408,USA,Toronto,Bronze,03:26.4,Food & Beverage,7.1,Social Media
448,32,Other,84950,25,3,7,438,France,Vancouver,Silver,03:26.4,Books,5.5,Referral
449,28,Female,36067,67,6,9,1799,Germany,Tokyo,Silver,03:26.4,Sports,9.6,Paid Search
450,38,Other,52262,49,6,6,2017,Germany,Chicago,Gold,03:26.4,Clothing,8.9,Paid Search
451,24,Female,30902,66,8,10,1270,Canada,Melbourne,Gold,03:26.4,Electronics,7.5,Paid Search
452,32,Female,41376,77,6,14,4505,Germany,Tokyo,Silver,03:26.4,Home & Garden,5.6,Social Media
453,22,Male,42132,62,6,10,2511,USA,Vancouver,Silver,03:26.4,Beauty,10,Referral
454,69,Female,8866,76,5,15,619,Australia,Sydney,Gold,03:26.4,Sports,7,Direct
455,41,Female,48592,53,4,9,756,USA,Manchester,Silver,03:26.4,Food & Beverage,6.5,Referral
456,30,Female,97020,30,5,10,1000,USA,Munich,Platinum,03:26.4,Home & Garden,7.4,Social Media
457,43,Male,47567,93,5,9,3406,UK,Osaka,Gold,03:26.4,Food & Beverage,8.1,Direct
458,38,Female,22497,41,6,14,599,France,Melbourne,Bronze,03:26.4,Electronics,7.2,Organic Search
459,37,Other,50261,34,11,10,2417,USA,Osaka,Bronze,03:26.4,Electronics,2.4,Email
460,40,Male,61682,50,8,7,442,Japan,Sydney,Silver,03:26.4,Electronics,7.9,Organic Search
461,51,Male,46922,35,7,11,1167,Japan,Paris,Gold,03:26.4,Beauty,8.9,Paid Search
462,32,Female,34994,44,7,14,2241,Germany,Berlin,Silver,03:26.4,Food & Beverage,6.2,Organic Search
463,31,Female,32174,65,4,8,1011,Canada,Chicago,Gold,03:26.4,Books,9.8,Social Media
464,36,Male,32108,65,8,13,1033,France,Manchester,Bronze,03:26.4,Home & Garden,8.8,Paid Search
465,40,Female,51477,35,6,13,1107,USA,Lyon,Bronze,03:26.4,Books,8.2,Email
466,18,Male,17970,43,2,7,324,Canada,Chicago,Bronze,03:26.4,Food & Beverage,6,Direct
467,61,Male,30154,93,4,5,2339,Japan,Los Angeles,Silver,03:26.4,Electronics,7.9,Direct
468,65,Other,80644,70,0,4,0,Japan,Toronto,Silver,03:26.4,Sports,8,Paid Search
469,49,Female,17343,99,0,9,0,USA,Houston,Silver,03:26.4,Books,8.8,Referral
470,45,Female,20626,97,7,7,3616,USA,Sydney,Bronze,03:26.4,Electronics,7,Referral
471,40,Female,31720,27,9,6,1148,USA,Toronto,Bronze,03:26.4,Food & Beverage,7.1,Direct
472,57,Male,56743,80,7,16,1469,Canada,Vancouver,Gold,03:26.4,Electronics,6.5,Referral
473,38,Female,14563,53,2,10,573,USA,Tokyo,Bronze,03:26.4,Books,6.8,Paid Search
474,26,Female,35334,41,4,8,1170,USA,Chicago,Silver,03:26.4,Books,7.3,Referral
475,18,Male,28650,59,8,6,2171,Germany,New York,Gold,03:26.4,Food & Beverage,7.2,Social Media
476,43,Male,70473,88,5,7,2424,France,Tokyo,Gold,03:26.4,Sports,7.2,Direct
477,29,Female,15702,70,5,8,1945,France,Houston,Bronze,03:26.4,Books,8.9,Email
478,19,Male,38035,35,6,16,547,Australia,Vancouver,Silver,03:26.4,Food & Beverage,9.8,Referral
479,30,Other,29828,79,2,7,1442,USA,Los Angeles,Gold,03:26.4,Sports,5.6,Social Media
480,24,Male,75728,40,4,15,644,USA,Los Angeles,Gold,03:26.4,Clothing,9.7,Social Media
481,65,Other,48963,61,7,10,2689,France,New York,Gold,03:26.4,Food & Beverage,8.5,Paid Search
482,53,Male,27095,47,3,10,920,UK,Berlin,Bronze,03:26.4,Clothing,6.2,Direct
483,40,Male,55642,49,6,7,1386,UK,Chicago,Bronze,03:26.4,Books,7,Paid Search
484,40,Male,29899,80,2,10,995,USA,Los Angeles,Silver,03:26.4,Electronics,7.9,Email
485,41,Other,59854,32,8,9,1426,USA,Houston,Gold,03:26.4,Home & Garden,5,Email
486,27,Female,32256,144,10,7,3126,Germany,Osaka,Bronze,03:26.4,Electronics,7.4,Organic Search
487,63,Male,61533,22,5,10,476,Australia,Vancouver,Bronze,03:26.4,Books,8.3,Email
488,48,Female,45163,40,4,8,611,Japan,New York,Gold,03:26.4,Sports,6.4,Direct
489,37,Female,35368,73,8,5,1399,UK,Berlin,Bronze,03:26.4,Electronics,7.8,Paid Search
490,27,Female,38773,52,9,10,3389,Australia,Manchester,Bronze,03:26.4,Clothing,10,Social Media
491,19,Other,28575,53,7,14,3047,UK,Vancouver,Bronze,03:26.4,Beauty,6.4,Organic Search
492,54,Other,38773,67,7,9,3264,UK,Houston,Silver,03:26.4,Books,6.5,Email
493,69,Male,9406,49,3,10,1100,Japan,Los Angeles,Bronze,03:26.4,Electronics,7.2,Social Media
494,19,Male,45834,110,8,7,3779,France,Osaka,Bronze,03:26.4,Beauty,9.9,Paid Search
495,48,Female,71071,83,7,6,2167,Japan,Manchester,Bronze,03:26.4,Electronics,5,Referral
496,30,Other,44281,84,2,13,582,USA,London,Bronze,03:26.4,Sports,8.7,Organic Search
497,40,Male,18827,34,5,11,1059,UK,Lyon,Silver,03:26.4,Sports,6.8,Direct
498,31,Male,24321,52,7,10,2003,Australia,Melbourne,Bronze,03:26.4,Sports,6.9,Social Media
499,27,Male,10774,47,6,11,1366,USA,Houston,Silver,03:26.4,Beauty,6,Paid Search
500,41,Male,59247,33,1,11,251,France,Chicago,Bronze,03:26.4,Home & Garden,7.1,Paid Search
501,28,Male,21955,65,3,12,1139,USA,Tokyo,Bronze,03:26.4,Beauty,6,Organic Search
502,44,Male,35798,42,4,10,555,Australia,Vancouver,Bronze,03:26.4,Books,6.7,Organic Search
503,39,Other,33629,76,4,9,1103,Germany,Tokyo,Bronze,03:26.4,Books,3.8,Email
504,36,Male,76410,32,3,9,610,USA,Tokyo,Silver,03:26.4,Clothing,4.9,Email
505,26,Female,37898,129,7,7,6395,Canada,New York,Silver,03:26.4,Clothing,8,Direct
506,31,Other,54418,35,9,13,1916,Germany,Los Angeles,Gold,03:26.4,Books,9.4,Direct
507,51,Other,47726,61,4,11,2143,Germany,London,Bronze,03:26.4,Electronics,10,Organic Search
508,48,Male,71661,81,3,10,2013,Canada,Paris,Bronze,03:26.4,Books,8.9,Organic Search
509,25,Female,32223,41,4,9,966,Australia,Chicago,Bronze,03:26.4,Food & Beverage,6.7,Social Media
510,41,Female,92486,84,4,6,1111,UK,Melbourne,Gold,03:26.4,Home & Garden,4.5,Email
511,51,Female,13456,30,6,5,422,UK,Sydney,Bronze,03:26.4,Clothing,8.3,Paid Search
512,18,Other,55756,113,3,9,1430,USA,Osaka,Silver,03:26.4,Clothing,5.3,Email
513,48,Male,23546,55,10,9,3578,Japan,New York,Bronze,03:26.4,Food & Beverage,6.3,Email
514,30,Male,28385,41,5,16,1753,USA,Los Angeles,Bronze,03:26.4,Food & Beverage,8.8,Organic Search
515,49,Male,48277,47,5,14,1372,UK,Munich,Platinum,03:26.4,Beauty,7.9,Organic Search
516,29,Female,48084,82,3,13,1801,Australia,Munich,Silver,03:26.4,Food & Beverage,6.1,Email
517,18,Male,49179,41,2,8,368,USA,Osaka,Gold,03:26.4,Clothing,4.9,Referral
518,18,Other,18159,38,7,10,1641,UK,Melbourne,Silver,03:26.4,Books,7.8,Referral
519,41,Other,74945,49,5,13,1624,USA,Berlin,Silver,03:26.4,Clothing,8,Direct
520,44,Other,23148,30,4,11,126,France,London,Bronze,03:26.4,Food & Beverage,9.8,Email
521,26,Male,24744,136,6,17,3397,UK,London,Silver,03:26.4,Food & Beverage,3.8,Referral
522,50,Female,49959,41,5,7,1419,Australia,Melbourne,Bronze,03:26.4,Food & Beverage,7.7,Direct
523,18,Male,31465,83,4,12,1837,Australia,Munich,Silver,03:26.4,Clothing,8.9,Direct
524,39,Female,42367,61,7,10,1106,Germany,Manchester,Silver,03:26.4,Food & Beverage,6.9,Email
525,22,Male,12354,33,4,11,19,France,Tokyo,Gold,03:26.4,Beauty,5.1,Direct
526,30,Other,41863,54,2,9,465,UK,Lyon,Silver,03:26.4,Books,6.1,Organic Search
527,41,Female,40494,81,3,13,1177,USA,Lyon,Silver,03:26.4,Electronics,7.6,Organic Search
528,27,Other,38773,50,8,7,1285,Germany,Manchester,Bronze,03:26.4,Food & Beverage,6.8,Organic Search
529,34,Female,12874,99,5,10,2620,Japan,Osaka,Bronze,03:26.4,Clothing,8,Paid Search
530,55,Other,32650,91,6,8,3283,Canada,Berlin,Bronze,03:26.4,Clothing,9.4,Organic Search
531,31,Male,38773,86,2,10,1096,USA,Los Angeles,Gold,03:26.4,Food & Beverage,6.9,Organic Search
532,53,Female,30224,43,3,7,38,USA,Melbourne,Platinum,03:26.4,Clothing,9.3,Email
533,40,Male,14500,32,3,7,226,Canada,Manchester,Bronze,03:26.4,Food & Beverage,7.3,Referral
534,48,Male,80609,40,7,8,1235,USA,Manchester,Bronze,03:26.4,Home & Garden,8,Referral
535,62,Female,26385,60,5,17,1850,Canada,Sydney,Silver,03:26.4,Books,7.3,Organic Search
536,18,Female,32497,72,2,12,858,Canada,Osaka,Gold,03:26.4,Food & Beverage,8,Organic Search
537,28,Male,10886,18,2,8,219,UK,Toronto,Silver,03:26.4,Clothing,8.3,Organic Search
538,49,Other,38773,54,7,11,1611,USA,Toronto,Bronze,03:26.4,Home & Garden,8.5,Direct
539,40,Female,28760,59,8,5,2054,Germany,Houston,Platinum,03:26.4,Electronics,7.5,Email
540,46,Other,38148,48,4,12,674,Australia,Melbourne,Gold,03:26.4,Electronics,2.5,Email
541,31,Other,63600,104,4,4,2723,Japan,Toronto,Bronze,03:26.4,Beauty,8.4,Email
542,41,Female,25896,67,4,7,852,UK,Los Angeles,Platinum,03:26.4,Food & Beverage,4.5,Referral
543,58,Male,12956,49,4,8,1062,Japan,Toronto,Bronze,03:26.4,Beauty,3.9,Referral
544,44,Female,47834,87,6,7,2570,France,Paris,Silver,03:26.4,Home & Garden,10,Email
545,45,Male,79708,124,5,13,2279,USA,Sydney,Gold,03:26.4,Electronics,8.1,Social Media
546,34,Female,27168,105,5,5,1204,USA,Chicago,Silver,03:26.4,Beauty,7,Paid Search
547,33,Female,63541,32,3,13,351,USA,New York,Bronze,03:26.4,Sports,9.6,Organic Search
548,34,Other,90850,48,6,11,1252,USA,Berlin,Platinum,03:26.4,Beauty,8.3,Direct
549,46,Male,31971,46,4,9,48,USA,Los Angeles,Bronze,03:26.4,Electronics,7.7,Referral
550,34,Other,30676,70,2,9,642,Japan,Melbourne,Gold,03:26.4,Sports,8.1,Direct
551,44,Male,23176,77,5,8,2635,UK,Lyon,Silver,03:26.4,Home & Garden,6.9,Paid Search
552,71,Other,28145,36,7,12,1541,Germany,Melbourne,Bronze,03:26.4,Food & Beverage,5.6,Social Media
553,53,Female,24157,56,8,12,1811,Australia,Munich,Bronze,03:26.4,Food & Beverage,8.9,Paid Search
554,35,Other,23166,20,0,7,0,France,Los Angeles,Gold,03:26.4,Sports,7.4,Referral
555,58,Male,66133,112,5,11,2182,Australia,Melbourne,Silver,03:26.4,Electronics,4.9,Email
556,34,Male,24466,42,4,18,895,Japan,Houston,Silver,03:26.4,Clothing,8.3,Organic Search
557,18,Male,41327,56,6,15,2722,Canada,Los Angeles,Silver,03:26.4,Sports,7.6,Email
558,40,Female,37016,47,4,13,1298,Japan,London,Gold,03:26.4,Electronics,10,Email
559,40,Male,76807,97,7,9,4095,France,Tokyo,Silver,03:26.4,Beauty,7.9,Referral
560,35,Female,28238,13,2,8,106,USA,Lyon,Bronze,03:26.4,Clothing,5.7,Email
561,40,Female,43940,54,3,13,1056,Germany,Munich,Bronze,03:26.4,Home & Garden,4.8,Email
562,40,Male,53935,52,3,8,253,Germany,Tokyo,Gold,03:26.4,Food & Beverage,9.4,Referral
563,45,Female,76487,44,5,11,978,Japan,New York,Silver,03:26.4,Home & Garden,7.4,Referral
564,37,Other,28033,129,6,7,4789,USA,Paris,Bronze,03:26.4,Books,6.2,Social Media
565,52,Female,26664,35,9,11,2043,UK,Los Angeles,Platinum,03:26.4,Home & Garden,6.4,Email
566,18,Other,21356,80,6,6,3055,USA,Paris,Gold,03:26.4,Books,9.4,Paid Search
567,44,Other,111096,65,7,11,2553,USA,Toronto,Bronze,03:26.4,Home & Garden,8.2,Organic Search
568,52,Other,72565,103,2,10,946,USA,Tokyo,Platinum,03:26.4,Home & Garden,9.1,Direct
569,18,Male,35557,39,2,9,475,UK,Los Angeles,Silver,03:26.4,Home & Garden,7.9,Organic Search
570,57,Male,95389,38,8,9,937,Australia,Berlin,Bronze,03:26.4,Books,6.2,Referral
571,45,Female,34512,94,8,10,2501,USA,Houston,Bronze,03:26.4,Beauty,10,Direct
572,34,Female,52167,68,8,6,2768,UK,Berlin,Silver,03:26.4,Books,6.9,Referral
573,49,Male,36501,25,7,8,944,USA,Paris,Gold,03:26.4,Sports,8.7,Social Media
574,74,Male,44307,42,6,9,337,USA,Lyon,Bronze,03:26.4,Electronics,9.1,Email
575,43,Male,42019,66,2,12,783,UK,New York,Bronze,03:26.4,Electronics,7.5,Referral
576,44,Female,29363,83,7,10,3803,USA,New York,Bronze,03:26.4,Beauty,5.8,Referral
577,40,Female,62708,39,6,6,1130,UK,New York,Silver,03:26.4,Electronics,6.5,Organic Search
578,27,Other,51947,13,5,8,620,USA,Melbourne,Bronze,03:26.4,Home & Garden,8.5,Email
579,52,Other,60709,71,6,10,1546,USA,Osaka,Bronze,03:26.4,Beauty,8.3,Social Media
580,27,Male,42621,30,4,8,508,UK,Houston,Silver,03:26.4,Electronics,9.5,Referral
581,41,Male,23080,20,4,8,335,UK,Berlin,Gold,03:26.4,Books,9.2,Referral
582,33,Male,85365,13,4,12,257,USA,Manchester,Silver,03:26.4,Sports,6.1,Referral
583,47,Male,31848,82,5,13,1781,UK,London,Bronze,03:26.4,Clothing,9.7,Organic Search
584,45,Female,43566,58,4,11,509,Australia,Tokyo,Silver,03:26.4,Sports,6,Referral
585,56,Female,49896,49,7,13,1334,France,New York,Bronze,03:26.4,Electronics,8.4,Referral
586,32,Other,43422,109,2,9,1051,USA,Chicago,Platinum,03:26.4,Beauty,10,Organic Search
587,36,Other,57395,75,4,10,2240,UK,Berlin,Gold,03:26.4,Food & Beverage,8,Referral
588,25,Other,62112,123,1,10,1152,Germany,Tokyo,Bronze,03:26.4,Electronics,4.8,Email
589,33,Other,32454,27,6,11,1252,USA,Berlin,Bronze,03:26.4,Books,7,Email
590,40,Female,81857,54,1,12,185,Australia,Toronto,Silver,03:26.4,Sports,10,Organic Search
591,51,Male,31779,24,6,7,527,Japan,Osaka,Silver,03:26.4,Food & Beverage,7.2,Email
592,26,Other,42975,49,6,10,1367,Australia,Lyon,Silver,03:26.4,Books,9.5,Direct
593,53,Female,29916,48,0,11,0,Australia,Sydney,Gold,03:26.4,Books,6.1,Direct
594,60,Male,25933,75,6,18,2092,France,Osaka,Gold,03:26.4,Clothing,7,Direct
595,46,Female,61212,56,1,11,131,Germany,Osaka,Silver,03:26.4,Books,7.2,Social Media
596,68,Male,172983,75,4,10,1192,Germany,Vancouver,Gold,03:26.4,Food & Beverage,10,Referral
597,28,Other,30307,78,6,15,3033,Australia,Paris,Gold,03:26.4,Books,7,Social Media
598,18,Female,30855,47,6,14,1287,USA,Sydney,Platinum,03:26.4,Home & Garden,10,Organic Search
599,62,Female,36126,34,3,10,651,USA,Vancouver,Bronze,03:26.4,Food & Beverage,7.8,Direct
600,50,Female,87447,62,7,16,196,Australia,Munich,Bronze,03:26.4,Home & Garden,8.5,Organic Search
601,39,Female,21231,37,6,6,1142,USA,Houston,Gold,03:26.4,Food & Beverage,5.1,Social Media
602,40,Female,18600,115,5,7,3850,Germany,New York,Gold,03:26.4,Beauty,7.9,Email
603,23,Male,34766,47,7,10,1106,Japan,Toronto,Platinum,03:26.4,Clothing,7.5,Referral
604,77,Female,50606,41,4,2,548,France,Sydney,Bronze,03:26.4,Beauty,6.1,Email
605,42,Female,45791,43,7,9,383,Japan,New York,Silver,03:26.4,Beauty,8.5,Direct
606,42,Male,43492,78,1,11,640,Germany,New York,Bronze,03:26.4,Books,4.9,Email
607,51,Female,36941,50,2,9,359,USA,Paris,Silver,03:26.4,Beauty,6,Organic Search
608,47,Female,53813,40,2,6,434,Australia,Toronto,Bronze,03:26.4,Electronics,9.3,Paid Search
609,43,Male,8461,126,6,5,4676,USA,Toronto,Bronze,03:26.4,Food & Beverage,6.4,Direct
610,28,Male,24949,36,8,4,2284,Canada,London,Bronze,03:26.4,Sports,6.8,Referral
611,47,Female,34655,56,6,10,1565,USA,Osaka,Silver,03:26.4,Electronics,7.6,Direct
612,68,Female,51651,76,0,4,0,USA,Los Angeles,Bronze,03:26.4,Electronics,6.9,Direct
613,60,Female,76487,24,10,11,1291,Canada,Tokyo,Bronze,03:26.4,Books,8.5,Referral
614,64,Male,23329,69,2,8,1051,USA,Vancouver,Bronze,03:26.4,Sports,7.8,Direct
615,32,Other,75248,32,5,16,751,Germany,Los Angeles,Bronze,03:26.4,Beauty,5.2,Organic Search
616,40,Other,28961,82,8,13,2037,Australia,Tokyo,Platinum,03:26.4,Sports,6.4,Email
617,38,Male,34032,34,5,7,324,USA,Sydney,Bronze,03:26.4,Beauty,6.2,Organic Search
618,41,Other,48568,77,4,13,790,USA,Munich,Bronze,03:26.4,Home & Garden,6.8,Email
619,56,Female,32807,95,3,11,1916,Germany,Toronto,Gold,03:26.4,Clothing,7.7,Paid Search
620,18,Male,63263,84,7,7,2563,Germany,Houston,Silver,03:26.4,Books,8,Direct
621,63,Male,29664,62,7,18,1640,Japan,Paris,Gold,03:26.4,Beauty,3.9,Paid Search
622,34,Male,61451,41,3,7,635,Australia,Toronto,Platinum,03:26.4,Sports,7.4,Email
623,25,Male,24796,114,2,14,1030,UK,Los Angeles,Bronze,03:26.4,Books,5.8,Organic Search
624,18,Female,41129,38,2,15,343,Germany,Manchester,Platinum,03:26.4,Food & Beverage,8.9,Organic Search
625,52,Female,15832,33,7,9,1752,USA,Manchester,Gold,03:26.4,Beauty,4.3,Direct
626,41,Female,90203,76,4,4,2460,Canada,Vancouver,Silver,03:26.4,Home & Garden,5.1,Organic Search
627,21,Male,66388,37,1,11,65,USA,Chicago,Silver,03:26.4,Electronics,10,Social Media
628,21,Other,143638,34,3,9,576,USA,Houston,Silver,03:26.4,Beauty,7.7,Referral
629,35,Male,70911,27,10,7,914,UK,New York,Bronze,03:26.4,Sports,6.4,Organic Search
630,65,Male,20644,43,3,8,579,Australia,Osaka,Bronze,03:26.4,Food & Beverage,7.7,Direct
631,36,Male,50733,52,6,16,1766,France,Berlin,Platinum,03:26.4,Home & Garden,7.2,Paid Search
632,18,Female,22948,62,4,18,1128,UK,Munich,Silver,03:26.4,Books,7.6,Organic Search
633,36,Female,79939,88,5,13,2399,UK,Toronto,Bronze,03:26.4,Beauty,8.2,Organic Search
634,36,Other,38773,71,3,8,1353,Canada,Melbourne,Gold,03:26.4,Home & Garden,7.2,Organic Search
635,18,Male,20444,50,7,11,1942,Japan,Manchester,Silver,03:26.4,Home & Garden,8,Direct
636,39,Male,38773,49,5,11,916,UK,Chicago,Bronze,03:26.4,Food & Beverage,7.3,Referral
637,37,Female,28447,70,2,4,527,USA,Houston,Gold,03:26.4,Home & Garden,6.3,Organic Search
638,50,Male,25726,103,6,9,1313,USA,Houston,Gold,03:26.4,Home & Garden,5.8,Referral
639,68,Male,19325,58,3,15,574,Germany,Osaka,Bronze,03:26.4,Food & Beverage,9.5,Referral
640,57,Male,98214,43,2,11,771,UK,Manchester,Platinum,03:26.4,Food & Beverage,8.5,Social Media
641,36,Male,47332,33,7,8,795,USA,Tokyo,Bronze,03:26.4,Food & Beverage,9.1,Paid Search
642,23,Female,44628,27,6,10,416,Australia,Lyon,Silver,03:26.4,Home & Garden,7.5,Organic Search
643,79,Other,80385,76,3,11,1289,France,Berlin,Bronze,03:26.4,Home & Garden,7.8,Organic Search
644,40,Male,41280,73,5,7,1742,Germany,Chicago,Silver,03:26.4,Clothing,7.2,Organic Search
645,40,Male,24976,73,7,4,2351,USA,London,Bronze,03:26.4,Books,9.2,Referral
646,40,Male,15520,51,4,15,1601,USA,Berlin,Bronze,03:26.4,Electronics,7,Email
647,43,Female,24282,110,4,11,2691,Japan,Los Angeles,Gold,03:26.4,Books,6,Paid Search
648,38,Male,77088,43,3,12,507,Australia,Houston,Bronze,03:26.4,Sports,8.3,Direct
649,31,Female,19386,88,6,10,2192,USA,Chicago,Gold,03:26.4,Sports,7.3,Organic Search
650,32,Male,43328,54,4,10,856,USA,Manchester,Silver,03:26.4,Food & Beverage,7.9,Email
651,40,Female,60898,40,5,18,1359,Canada,Houston,Platinum,03:26.4,Books,8.6,Email
652,32,Female,41885,73,7,13,2253,USA,Berlin,Silver,03:26.4,Home & Garden,6.6,Email
653,29,Other,44333,67,4,10,379,Germany,New York,Bronze,03:26.4,Clothing,7.2,Paid Search
654,42,Other,50403,65,3,6,960,Japan,New York,Bronze,03:26.4,Electronics,7,Email
655,36,Female,43899,57,1,11,110,USA,Houston,Gold,03:26.4,Beauty,9.4,Direct
656,63,Female,81189,54,5,8,2510,USA,Chicago,Gold,03:26.4,Beauty,7.5,Organic Search
657,56,Female,40954,99,5,20,2308,USA,Munich,Silver,03:26.4,Books,5.8,Organic Search
658,40,Other,14631,78,5,7,2162,Japan,Lyon,Silver,03:26.4,Beauty,8.6,Social Media
659,18,Other,12876,58,3,12,766,Germany,Los Angeles,Platinum,03:26.4,Books,8.1,Referral
660,35,Male,34862,90,3,17,1198,Japan,Melbourne,Platinum,03:26.4,Clothing,6.2,Email
661,34,Male,47652,71,6,12,2480,USA,Munich,Platinum,03:26.4,Clothing,10,Direct
662,19,Male,82070,55,5,12,2227,USA,Munich,Gold,03:26.4,Food & Beverage,8,Referral
663,28,Male,121771,47,7,8,2146,Canada,Los Angeles,Platinum,03:26.4,Books,6.6,Referral
664,23,Other,70258,52,6,13,2503,Canada,Manchester,Bronze,03:26.4,Food & Beverage,7.5,Referral
665,66,Male,52239,11,8,11,260,USA,New York,Gold,03:26.4,Home & Garden,6.9,Referral
666,54,Other,39339,61,8,13,2734,Japan,Melbourne,Gold,03:26.4,Food & Beverage,9.8,Referral
667,59,Other,16888,43,8,7,1817,Australia,Tokyo,Platinum,03:26.4,Home & Garden,8.9,Organic Search
668,51,Female,33758,121,9,8,6213,Germany,Manchester,Silver,03:26.4,Home & Garden,8.2,Paid Search
669,23,Female,69230,55,5,8,2137,USA,Munich,Bronze,03:26.4,Beauty,10,Email
670,32,Female,56905,30,3,12,412,France,Chicago,Silver,03:26.4,Electronics,5.9,Email
671,47,Other,19088,53,4,11,892,France,Los Angeles,Silver,03:26.4,Electronics,8.7,Organic Search
672,22,Other,49366,32,5,12,982,Canada,Berlin,Bronze,03:26.4,Home & Garden,8.3,Direct
673,51,Female,47297,69,6,12,599,Japan,Osaka,Bronze,03:26.4,Books,7.2,Organic Search
674,36,Other,43258,63,7,11,2001,USA,Toronto,Silver,03:26.4,Clothing,7.2,Referral
675,34,Female,35813,88,4,9,1668,USA,Tokyo,Bronze,03:26.4,Food & Beverage,8.9,Paid Search
676,51,Female,50655,37,6,12,697,USA,Melbourne,Bronze,03:26.4,Sports,8.8,Email
677,47,Male,38773,56,13,8,5136,France,Toronto,Bronze,03:26.4,Clothing,5.4,Direct
678,35,Male,26351,28,3,12,238,Germany,Sydney,Platinum,03:26.4,Clothing,10,Social Media
679,57,Other,45593,78,7,8,2566,USA,Vancouver,Gold,03:26.4,Sports,9.2,Organic Search
680,24,Male,33034,71,7,10,2767,USA,Houston,Bronze,03:26.4,Home & Garden,7.1,Social Media
681,49,Other,17264,70,2,10,1078,USA,London,Gold,03:26.4,Clothing,6.3,Email
682,49,Other,27425,55,5,12,1360,USA,Osaka,Gold,03:26.4,Sports,9.2,Organic Search
683,35,Male,16617,67,2,6,923,Canada,London,Bronze,03:26.4,Food & Beverage,8.2,Email
684,45,Male,59281,122,4,9,3118,USA,Paris,Bronze,03:26.4,Beauty,8.6,Organic Search
685,21,Female,43388,47,3,14,745,USA,Berlin,Silver,03:26.4,Books,8.4,Direct
686,54,Male,30402,59,3,14,495,Australia,Vancouver,Silver,03:26.4,Books,9.3,Email
687,37,Female,73885,32,1,5,68,UK,Osaka,Gold,03:26.4,Books,8.8,Social Media
688,32,Female,37571,35,7,12,1291,France,Sydney,Silver,03:26.4,Home & Garden,6.7,Paid Search
689,56,Female,17754,57,4,10,898,USA,New York,Bronze,03:26.4,Clothing,6.6,Direct
690,29,Other,29151,95,9,8,5836,USA,Berlin,Platinum,03:26.4,Clothing,8,Direct
691,19,Male,82160,48,4,6,1247,Canada,Lyon,Bronze,03:26.4,Electronics,10,Organic Search
692,40,Male,25985,49,6,13,1348,USA,Sydney,Gold,03:26.4,Books,7.3,Social Media
693,49,Male,38773,45,3,8,359,USA,Munich,Bronze,03:26.4,Home & Garden,8,Email
694,21,Male,52677,42,8,4,2013,Australia,Berlin,Bronze,03:26.4,Sports,8.8,Social Media
695,66,Male,48775,63,6,5,1125,Japan,Toronto,Silver,03:26.4,Home & Garden,6.9,Direct
696,18,Female,123591,26,5,14,450,USA,London,Bronze,03:26.4,Clothing,8.7,Organic Search
697,40,Male,20168,104,3,11,945,USA,New York,Silver,03:26.4,Food & Beverage,7.5,Social Media
698,43,Other,21200,39,11,8,2034,Japan,Houston,Bronze,03:26.4,Food & Beverage,9.4,Email
699,39,Male,20335,78,7,9,4025,USA,Lyon,Silver,03:26.4,Food & Beverage,6.1,Referral
700,32,Female,31321,29,6,10,866,Germany,Munich,Silver,03:26.4,Books,10,Direct
701,46,Other,62924,76,6,5,1883,Japan,Houston,Bronze,03:26.4,Electronics,7,Paid Search
702,39,Other,21680,76,6,12,893,Japan,Osaka,Gold,03:26.4,Beauty,8.3,Paid Search
703,57,Female,63366,66,6,10,2423,Canada,Toronto,Bronze,03:26.4,Home & Garden,7.5,Direct
704,42,Male,36959,33,5,13,571,USA,Vancouver,Bronze,03:26.4,Electronics,5.9,Referral
705,42,Other,20858,62,8,10,2590,USA,Houston,Silver,03:26.4,Food & Beverage,8.7,Organic Search
706,35,Female,15128,30,6,16,778,Australia,Vancouver,Silver,03:26.4,Clothing,7.1,Social Media
707,39,Male,16919,48,8,8,2570,Japan,Munich,Silver,03:26.4,Sports,8.3,Social Media
708,45,Male,26032,91,13,9,5564,Germany,London,Bronze,03:26.4,Home & Garden,6.3,Referral
709,18,Female,33370,81,4,4,1588,France,Chicago,Gold,03:26.4,Beauty,7.1,Referral
710,20,Other,71185,55,1,7,329,France,Berlin,Silver,03:26.4,Clothing,7.1,Email
711,51,Female,54152,34,4,9,1236,Germany,Manchester,Bronze,03:26.4,Books,8.3,Email
712,43,Other,23874,75,2,10,1022,Australia,New York,Bronze,03:26.4,Home & Garden,8,Paid Search
713,37,Male,44548,55,7,10,1861,Germany,Sydney,Gold,03:26.4,Electronics,7.2,Organic Search
714,40,Male,82932,17,4,16,343,UK,Los Angeles,Silver,03:26.4,Food & Beverage,6.9,Organic Search
715,45,Female,92685,81,5,10,1595,USA,Los Angeles,Bronze,03:26.4,Home & Garden,8,Referral
716,32,Female,31033,54,8,14,1338,France,Munich,Bronze,03:26.4,Clothing,7.8,Paid Search
717,28,Other,58638,100,6,13,2327,Canada,Berlin,Bronze,03:26.4,Clothing,7.7,Paid Search
718,43,Other,72764,32,5,10,546,USA,Lyon,Silver,03:26.4,Food & Beverage,10,Email
719,25,Male,17094,11,2,6,141,Australia,Berlin,Gold,03:26.4,Electronics,8.3,Social Media
720,46,Male,28108,63,6,9,1076,Germany,Berlin,Silver,03:26.4,Beauty,10,Organic Search
721,18,Male,110195,63,5,10,2421,Japan,New York,Silver,03:26.4,Clothing,7.4,Paid Search
722,55,Male,31241,23,6,12,915,USA,London,Platinum,03:26.4,Home & Garden,7.4,Email
723,40,Male,8396,33,3,17,506,Germany,Tokyo,Silver,03:26.4,Food & Beverage,6.7,Email
724,55,Female,63724,47,6,10,1092,Japan,Paris,Bronze,03:26.4,Electronics,7,Social Media
725,65,Other,36434,79,4,6,1744,USA,Sydney,Silver,03:26.4,Clothing,6.8,Paid Search
726,55,Female,51932,39,7,7,1981,Germany,Chicago,Silver,03:26.4,Food & Beverage,4.6,Referral
727,18,Female,58053,19,4,7,276,France,Paris,Bronze,03:26.4,Clothing,9.7,Referral
728,21,Female,30410,50,0,13,0,USA,Berlin,Platinum,03:26.4,Home & Garden,6.9,Email
729,31,Other,28010,48,9,12,2757,Japan,Manchester,Gold,03:26.4,Clothing,9.7,Email
730,40,Male,39211,45,1,9,253,Australia,Chicago,Gold,03:26.4,Food & Beverage,7.4,Social Media
731,48,Other,39691,52,6,13,854,USA,New York,Silver,03:26.4,Home & Garden,8.5,Email
732,29,Male,37311,62,4,13,881,USA,Berlin,Silver,03:26.4,Books,7.6,Direct
733,43,Male,38085,51,5,7,831,USA,Sydney,Bronze,03:26.4,Food & Beverage,8.1,Paid Search
734,29,Male,24977,29,6,13,618,USA,Munich,Bronze,03:26.4,Beauty,6,Email
735,31,Female,52846,70,8,10,2424,Australia,New York,Gold,03:26.4,Home & Garden,9.3,Email
736,19,Male,49002,21,4,6,368,Japan,Tokyo,Silver,03:26.4,Sports,6.9,Paid Search
737,26,Female,18620,20,5,5,362,USA,Chicago,Gold,03:26.4,Clothing,8.9,Organic Search
738,20,Female,29894,79,10,10,2752,Canada,Sydney,Bronze,03:26.4,Books,5.3,Direct
739,25,Male,38046,70,5,6,1598,UK,Vancouver,Silver,03:26.4,Beauty,6.4,Direct
740,56,Female,27801,53,7,7,1981,USA,Vancouver,Silver,03:26.4,Electronics,8.1,Referral
741,40,Male,35121,38,4,11,1122,USA,Paris,Gold,03:26.4,Electronics,8.2,Paid Search
742,47,Female,39519,48,3,6,864,UK,Munich,Platinum,03:26.4,Food & Beverage,7.8,Referral
743,43,Female,29722,25,5,14,223,Germany,Houston,Bronze,03:26.4,Sports,10,Social Media
744,27,Male,13405,38,4,6,913,France,Osaka,Bronze,03:26.4,Books,8.3,Organic Search
745,51,Male,13028,76,4,11,1880,USA,Los Angeles,Bronze,03:26.4,Beauty,6.9,Email
746,31,Male,48767,111,5,9,2302,Australia,Osaka,Silver,03:26.4,Books,6.9,Organic Search
747,42,Male,41500,44,2,8,178,Germany,Sydney,Bronze,03:26.4,Books,9.3,Email
748,78,Other,45222,80,7,6,2798,Australia,Munich,Gold,03:26.4,Sports,5.2,Email
749,39,Female,38841,21,3,5,314,Canada,Vancouver,Silver,03:26.4,Home & Garden,8.3,Email
750,57,Female,40428,76,5,9,1046,Australia,Munich,Silver,03:26.4,Beauty,5.8,Organic Search
751,29,Male,58954,37,6,8,460,Australia,Toronto,Gold,03:26.4,Electronics,9.2,Direct
752,39,Female,45357,64,8,6,2458,Canada,Sydney,Silver,03:26.4,Home & Garden,6.9,Social Media
753,67,Male,61111,48,5,7,1093,USA,Vancouver,Silver,03:26.4,Home & Garden,8.3,Direct
754,31,Other,39566,106,3,6,1320,Japan,London,Bronze,03:26.4,Clothing,7.6,Paid Search
755,67,Other,31251,35,3,8,511,France,Paris,Silver,03:26.4,Food & Beverage,5.4,Paid Search
756,51,Male,40019,75,5,5,1044,Japan,Osaka,Silver,03:26.4,Electronics,8.5,Direct
757,32,Male,23907,47,7,4,1373,France,Berlin,Silver,03:26.4,Sports,6.4,Social Media
758,49,Other,30034,50,5,14,1530,Germany,Lyon,Platinum,03:26.4,Food & Beverage,8.7,Social Media
759,55,Other,39687,50,5,13,1071,USA,Lyon,Platinum,03:26.4,Clothing,6,Email
760,49,Other,39425,36,10,8,592,USA,Melbourne,Gold,03:26.4,Clothing,7.9,Email
761,18,Male,34434,54,2,16,440,Japan,London,Bronze,03:26.4,Food & Beverage,7.6,Paid Search
762,29,Male,18141,53,6,8,908,USA,Houston,Gold,03:26.4,Books,6.6,Email
763,36,Other,49921,62,7,13,2386,USA,Munich,Bronze,03:26.4,Sports,9.6,Email
764,39,Female,55112,57,4,9,1284,France,Toronto,Bronze,03:26.4,Home & Garden,7.6,Social Media
765,49,Female,82607,81,11,5,1506,France,Osaka,Bronze,03:26.4,Beauty,6.9,Organic Search
766,43,Female,45292,87,5,10,2824,USA,Tokyo,Bronze,03:26.4,Home & Garden,7.9,Direct
767,20,Female,36342,32,4,16,358,USA,Sydney,Bronze,03:26.4,Home & Garden,5.3,Referral
768,46,Female,21883,84,1,13,684,Canada,Vancouver,Silver,03:26.4,Books,10,Referral
769,49,Male,76574,30,11,10,1627,USA,Sydney,Platinum,03:26.4,Home & Garden,5.9,Email
770,48,Female,41106,73,3,13,551,France,Osaka,Bronze,03:26.4,Electronics,8.3,Email
771,56,Male,40002,74,2,10,404,USA,Berlin,Platinum,03:26.4,Home & Garden,7.6,Direct
772,53,Other,31983,21,7,11,837,Australia,Toronto,Bronze,03:26.4,Home & Garden,9.3,Referral
773,47,Male,30977,57,5,11,1206,Australia,Toronto,Bronze,03:26.4,Electronics,7.8,Social Media
774,39,Male,51233,43,1,12,208,Germany,London,Silver,03:26.4,Books,6.5,Referral
775,18,Male,21792,37,6,19,1844,USA,Osaka,Silver,03:26.4,Clothing,4.7,Referral
776,46,Male,81856,107,4,17,1545,UK,Los Angeles,Bronze,03:26.4,Sports,4.8,Referral
777,43,Female,73406,39,9,12,1814,Canada,Chicago,Bronze,03:26.4,Books,7.1,Email
778,40,Female,30423,36,4,9,1144,USA,Lyon,Silver,03:26.4,Home & Garden,9.6,Email
779,21,Female,23578,57,9,12,2828,Australia,Los Angeles,Bronze,03:26.4,Clothing,5,Direct
780,24,Other,13259,77,5,10,687,Canada,Munich,Gold,03:26.4,Sports,10,Referral
781,56,Female,19425,51,2,15,611,Australia,Munich,Silver,03:26.4,Sports,9.1,Email
782,39,Female,52311,98,8,12,2093,USA,Lyon,Bronze,03:26.4,Sports,5.5,Direct
783,50,Other,42517,71,2,11,1113,USA,Melbourne,Gold,03:26.4,Electronics,5.9,Referral
784,40,Other,46482,18,7,8,431,Japan,Los Angeles,Bronze,03:26.4,Electronics,6,Social Media
785,40,Other,14432,42,9,8,4125,UK,Chicago,Gold,03:26.4,Clothing,7.9,Email
786,54,Female,29795,41,3,15,981,UK,Vancouver,Gold,03:26.4,Home & Garden,7.4,Organic Search
787,32,Male,71944,69,3,14,709,UK,Toronto,Platinum,03:26.4,Food & Beverage,7.4,Direct
788,41,Female,34613,15,6,9,444,USA,Paris,Silver,03:26.4,Clothing,6.7,Email
789,33,Other,38773,71,2,12,935,USA,Osaka,Bronze,03:26.4,Books,8.8,Social Media
790,35,Other,24698,59,9,7,3115,UK,Melbourne,Silver,03:26.4,Food & Beverage,7.3,Email
791,43,Other,42909,99,5,11,3699,UK,Sydney,Silver,03:26.4,Sports,6.5,Paid Search
792,59,Other,47650,84,3,9,1080,UK,Los Angeles,Gold,03:26.4,Electronics,7.2,Referral
793,27,Female,19753,88,6,8,2267,USA,Los Angeles,Bronze,03:26.4,Food & Beverage,8.3,Referral
794,37,Other,29017,58,6,4,2349,UK,Lyon,Gold,03:26.4,Books,7.4,Social Media
795,33,Female,62644,51,4,7,1166,USA,New York,Gold,03:26.4,Beauty,9.1,Email
796,62,Other,18451,43,6,7,1442,USA,Chicago,Silver,03:26.4,Books,9.3,Paid Search
797,40,Other,21992,36,8,12,1905,USA,Lyon,Silver,03:26.4,Home & Garden,9.3,Direct
798,55,Female,40121,39,4,13,139,UK,Lyon,Bronze,03:26.4,Books,6.7,Organic Search
799,18,Male,41914,28,6,8,937,USA,Paris,Platinum,03:26.4,Food & Beverage,6.7,Referral
800,44,Female,28441,53,4,14,1143,Canada,Osaka,Bronze,03:26.4,Food & Beverage,8.8,Direct
801,53,Other,31596,24,9,16,1765,Japan,Melbourne,Silver,03:26.4,Electronics,7.4,Direct
802,41,Female,47411,60,5,16,583,France,London,Silver,03:26.4,Home & Garden,7.4,Paid Search
803,56,Female,55538,54,7,5,3045,USA,Paris,Platinum,03:26.4,Clothing,6.5,Direct
804,32,Female,21277,59,2,9,605,USA,Toronto,Gold,03:26.4,Home & Garden,9.6,Referral
805,40,Female,43572,42,4,10,1006,Germany,London,Silver,03:26.4,Clothing,9.1,Email
806,35,Female,34271,108,7,14,4618,USA,Berlin,Bronze,03:26.4,Home & Garden,6.5,Organic Search
807,33,Male,38773,29,3,10,510,Australia,Osaka,Bronze,03:26.4,Sports,6.5,Email
808,62,Female,20681,61,4,9,1346,UK,Vancouver,Gold,03:26.4,Beauty,7.7,Social Media
809,64,Other,33511,40,3,13,487,UK,Los Angeles,Gold,03:26.4,Clothing,8.1,Paid Search
810,32,Male,60957,33,3,4,488,Japan,New York,Gold,03:26.4,Electronics,6.2,Referral
811,34,Other,38773,28,2,13,199,France,New York,Silver,03:26.4,Beauty,5.6,Email
812,36,Male,39919,68,10,11,3328,Australia,Osaka,Silver,03:26.4,Beauty,7.6,Direct
813,20,Female,22067,39,3,14,38,USA,Munich,Bronze,03:26.4,Beauty,8.8,Email
814,26,Male,59371,89,2,8,1038,UK,Berlin,Bronze,03:26.4,Clothing,7.6,Referral
815,25,Male,20479,90,6,7,2561,Germany,Melbourne,Bronze,03:26.4,Clothing,7.1,Social Media
816,28,Male,28219,109,4,9,1879,USA,Vancouver,Gold,03:26.4,Home & Garden,5.8,Referral
817,39,Female,49760,36,6,10,1164,UK,Vancouver,Bronze,03:26.4,Sports,6.5,Social Media
818,44,Female,13099,69,2,11,295,USA,Houston,Gold,03:26.4,Beauty,8.8,Direct
819,63,Other,39616,75,4,8,2654,USA,Lyon,Silver,03:26.4,Home & Garden,5.6,Referral
820,25,Male,21600,43,9,7,1859,USA,Melbourne,Silver,03:26.4,Home & Garden,10,Email
821,55,Other,36617,37,10,10,1748,France,Los Angeles,Bronze,03:26.4,Sports,7.6,Organic Search
822,37,Male,30454,122,5,12,1874,Japan,Munich,Bronze,03:26.4,Home & Garden,5.1,Organic Search
823,40,Male,104080,61,2,12,618,Canada,Chicago,Bronze,03:26.4,Sports,8.3,Direct
824,50,Female,29835,75,3,10,1750,Germany,Chicago,Gold,03:26.4,Electronics,8.2,Email
825,23,Female,91247,36,7,9,1792,USA,Manchester,Bronze,03:26.4,Sports,6.8,Organic Search
826,46,Female,48702,30,6,13,1195,Japan,Vancouver,Gold,03:26.4,Books,8.9,Direct
827,42,Other,24325,41,4,10,1001,UK,London,Gold,03:26.4,Sports,6.6,Social Media
828,47,Male,42848,51,2,8,440,France,Berlin,Bronze,03:26.4,Sports,8.4,Email
829,44,Female,31188,32,7,6,471,France,New York,Gold,03:26.4,Food & Beverage,7.4,Social Media
830,77,Female,40990,54,6,10,1499,USA,Los Angeles,Silver,03:26.4,Books,7.1,Email
831,30,Male,25414,23,7,10,744,UK,Tokyo,Gold,03:26.4,Sports,9.5,Social Media
832,32,Male,84549,31,7,13,1549,Japan,Berlin,Bronze,03:26.4,Clothing,9,Social Media
833,31,Female,57682,76,3,11,1287,USA,Osaka,Bronze,03:26.4,Food & Beverage,5.8,Organic Search
834,32,Female,36897,74,3,13,1822,Germany,Toronto,Bronze,03:26.4,Home & Garden,8.1,Email
835,30,Female,86211,45,4,10,1328,Japan,Houston,Bronze,03:26.4,Home & Garden,10,Referral
836,58,Other,37690,33,5,6,671,USA,New York,Gold,03:26.4,Electronics,9.6,Organic Search
837,61,Female,62869,33,2,5,92,Australia,Berlin,Gold,03:26.4,Electronics,6.1,Social Media
838,31,Other,38773,45,4,13,1408,Japan,Paris,Platinum,03:26.4,Books,9.9,Social Media
839,28,Male,44221,75,7,10,4072,France,Sydney,Bronze,03:26.4,Clothing,8.9,Referral
840,47,Other,34866,87,5,9,985,USA,Berlin,Bronze,03:26.4,Electronics,5.9,Referral
841,32,Other,38088,43,6,12,2049,USA,Houston,Silver,03:26.4,Home & Garden,7.8,Social Media
842,49,Female,39548,31,4,10,707,USA,Osaka,Bronze,03:26.4,Electronics,8.2,Referral
843,43,Female,25981,62,9,7,2990,Australia,Berlin,Bronze,03:26.4,Electronics,5.9,Paid Search
844,18,Female,29717,36,2,13,595,Australia,Munich,Silver,03:26.4,Sports,8.6,Organic Search
845,63,Female,32585,42,6,15,1944,Germany,Sydney,Bronze,03:26.4,Electronics,10,Email
846,67,Other,40736,106,4,9,2670,USA,New York,Silver,03:26.4,Books,9.5,Referral
847,34,Male,65285,59,6,8,2210,France,Toronto,Silver,03:26.4,Books,7.1,Paid Search
848,44,Female,55468,29,7,11,850,France,New York,Gold,03:26.4,Food & Beverage,8,Email
849,45,Other,32920,61,8,14,2374,Japan,Houston,Bronze,03:26.4,Books,6,Paid Search
850,50,Male,72467,93,9,7,2671,France,Osaka,Platinum,03:26.4,Beauty,6.8,Email
851,70,Male,92643,45,5,11,981,Australia,Osaka,Silver,03:26.4,Clothing,4.6,Organic Search
852,37,Female,13070,107,4,8,1831,France,Lyon,Platinum,03:26.4,Food & Beverage,8.2,Referral
853,28,Male,57881,104,3,12,1166,Germany,Toronto,Bronze,03:26.4,Food & Beverage,7,Organic Search
854,19,Other,25681,125,7,10,4631,Canada,Melbourne,Silver,03:26.4,Beauty,8.4,Email
855,29,Male,54197,64,4,13,1107,Japan,Paris,Silver,03:26.4,Beauty,7.7,Referral
856,40,Male,67448,73,8,13,3518,Germany,Chicago,Gold,03:26.4,Sports,6,Paid Search
857,40,Other,23424,111,8,14,1555,USA,Los Angeles,Silver,03:26.4,Books,7.8,Social Media
858,32,Male,14383,68,1,13,326,USA,Vancouver,Silver,03:26.4,Clothing,6.4,Paid Search
859,40,Male,55145,42,5,7,1118,USA,Paris,Platinum,03:26.4,Home & Garden,10,Social Media
860,40,Male,38859,44,4,9,764,UK,Sydney,Bronze,03:26.4,Home & Garden,6.2,Paid Search
861,58,Female,15769,62,3,10,859,USA,Chicago,Bronze,03:26.4,Clothing,6.8,Email
862,78,Female,128641,29,2,12,105,USA,Munich,Silver,03:26.4,Food & Beverage,6,Organic Search
863,32,Other,49623,51,8,8,2323,UK,New York,Silver,03:26.4,Books,5.8,Social Media
864,33,Female,50769,94,8,6,4758,USA,Paris,Silver,03:26.4,Books,7.5,Email
865,56,Male,71891,18,3,6,328,Australia,Sydney,Silver,03:26.4,Sports,5.6,Organic Search
866,40,Female,27162,118,4,11,3329,Canada,Toronto,Platinum,03:26.4,Sports,7.2,Organic Search
867,68,Other,38763,96,12,10,6205,UK,Los Angeles,Gold,03:26.4,Beauty,8.1,Referral
868,49,Male,18776,43,3,6,775,USA,Osaka,Bronze,03:26.4,Home & Garden,6.9,Referral
869,35,Other,26796,72,3,7,1142,USA,Tokyo,Bronze,03:26.4,Sports,4.2,Referral
870,49,Female,44039,55,4,9,1394,Canada,Los Angeles,Platinum,03:26.4,Clothing,9.5,Social Media
871,57,Male,15794,101,3,10,559,Australia,Tokyo,Gold,03:26.4,Home & Garden,7.9,Social Media
872,40,Other,26419,89,4,12,1147,France,Houston,Platinum,03:26.4,Food & Beverage,7.9,Organic Search
873,48,Male,22835,27,6,13,1330,USA,Houston,Bronze,03:26.4,Food & Beverage,7.2,Social Media
874,56,Female,38989,73,4,8,23,Germany,Osaka,Gold,03:26.4,Books,8.7,Organic Search
875,58,Female,48405,49,3,17,698,USA,Houston,Gold,03:26.4,Home & Garden,8.9,Email
876,61,Other,52632,57,8,14,3344,Japan,London,Bronze,03:26.4,Electronics,9.1,Paid Search
877,50,Male,59839,38,2,13,365,Japan,New York,Silver,03:26.4,Home & Garden,7.9,Organic Search
878,37,Female,72118,131,3,7,1645,UK,Sydney,Silver,03:26.4,Sports,5.4,Organic Search
879,42,Female,49199,92,7,6,3381,Germany,Manchester,Silver,03:26.4,Clothing,8.1,Email
880,58,Other,93309,38,3,7,486,Australia,Lyon,Gold,03:26.4,Books,7.9,Referral
881,28,Female,38552,28,7,10,993,France,Sydney,Gold,03:26.4,Books,6.7,Direct
882,46,Male,33301,45,5,15,818,Germany,Munich,Gold,03:26.4,Sports,6.3,Referral
883,34,Female,49200,68,2,10,979,Japan,Osaka,Gold,03:26.4,Sports,8.3,Referral
884,40,Female,32591,62,9,8,4348,UK,Berlin,Silver,03:26.4,Sports,7.4,Organic Search
885,59,Male,91700,102,4,9,1934,Germany,Munich,Bronze,03:26.4,Electronics,6.9,Organic Search
886,43,Female,63927,81,3,10,541,Australia,Sydney,Gold,03:26.4,Clothing,10,Social Media
887,41,Male,52846,89,1,10,350,Germany,Melbourne,Silver,03:26.4,Electronics,8.5,Social Media
888,20,Female,38782,64,2,7,596,France,Tokyo,Bronze,03:26.4,Sports,8.2,Paid Search
889,51,Male,29622,27,6,11,983,USA,Vancouver,Silver,03:26.4,Clothing,9.3,Paid Search
890,50,Other,51568,50,10,8,1477,USA,Houston,Bronze,03:26.4,Food & Beverage,8,Direct
891,72,Other,20670,93,6,11,1927,USA,Vancouver,Silver,03:26.4,Food & Beverage,6.4,Social Media
892,35,Male,78212,53,6,19,1922,UK,Munich,Bronze,03:26.4,Sports,6.9,Organic Search
893,43,Female,33229,70,2,6,966,Canada,Osaka,Bronze,03:26.4,Clothing,8.6,Email
894,44,Other,42300,47,4,10,700,Japan,London,Platinum,03:26.4,Books,8.4,Social Media
895,64,Female,23045,33,5,14,381,Germany,Vancouver,Gold,03:26.4,Electronics,8.2,Organic Search
896,39,Female,52130,51,8,13,4751,France,Paris,Gold,03:26.4,Beauty,5.8,Social Media
897,44,Other,28944,64,5,5,2092,USA,New York,Silver,03:26.4,Sports,8.7,Referral
898,49,Other,50242,39,3,10,527,Australia,Toronto,Gold,03:26.4,Sports,7.4,Social Media
899,43,Female,53034,49,1,7,327,Germany,Manchester,Gold,03:26.4,Home & Garden,8.4,Direct
900,33,Male,26270,34,7,10,1135,Germany,Tokyo,Silver,03:26.4,Beauty,6.3,Referral
901,43,Male,20707,96,7,9,4504,USA,Manchester,Platinum,03:26.4,Books,10,Organic Search
902,56,Other,78116,47,4,10,1003,UK,Lyon,Bronze,03:26.4,Sports,7.9,Referral
903,25,Female,32986,113,4,12,2340,Germany,Munich,Platinum,03:26.4,Electronics,6.9,Social Media
904,42,Other,40637,117,4,16,2239,UK,Berlin,Silver,03:26.4,Books,8.5,Referral
905,58,Male,19402,33,1,10,293,Australia,Munich,Bronze,03:26.4,Electronics,8.5,Email
906,18,Male,45768,19,3,8,180,Japan,Vancouver,Silver,03:26.4,Home & Garden,6,Referral
907,32,Female,38161,26,4,10,239,Germany,London,Silver,03:26.4,Home & Garden,9.2,Direct
908,46,Male,26324,27,3,14,377,Japan,Toronto,Platinum,03:26.4,Food & Beverage,7,Referral
909,63,Female,20368,109,3,9,1004,Australia,Tokyo,Platinum,03:26.4,Electronics,7.5,Paid Search
910,39,Male,49165,58,8,12,2266,USA,Paris,Platinum,03:26.4,Books,4.2,Email
911,32,Male,63822,66,11,10,4653,Canada,Manchester,Bronze,03:26.4,Electronics,6.8,Organic Search
912,68,Other,39707,18,4,11,503,USA,Chicago,Platinum,03:26.4,Beauty,6.8,Direct
913,18,Female,17726,30,2,7,398,USA,Manchester,Silver,03:26.4,Electronics,8.2,Referral
914,18,Male,21404,85,3,8,1120,USA,Tokyo,Gold,03:26.4,Home & Garden,6.7,Email
915,47,Other,29259,63,4,9,1285,USA,Melbourne,Bronze,03:26.4,Home & Garden,5.1,Organic Search
916,32,Male,79404,51,2,16,590,France,Toronto,Silver,03:26.4,Home & Garden,7.9,Email
917,40,Other,32100,72,7,4,752,Canada,New York,Platinum,03:26.4,Beauty,7.1,Direct
918,51,Other,28731,124,2,8,1519,USA,Sydney,Platinum,03:26.4,Sports,6.4,Paid Search
919,44,Female,15729,49,11,7,1121,France,Vancouver,Silver,03:26.4,Food & Beverage,7.6,Direct
920,32,Female,26151,57,5,10,2566,Australia,Los Angeles,Gold,03:26.4,Beauty,4.8,Direct
921,21,Male,19605,60,5,11,1260,Japan,Tokyo,Bronze,03:26.4,Sports,8.4,Organic Search
922,39,Female,29715,77,4,8,1149,USA,Tokyo,Bronze,03:26.4,Sports,8.9,Social Media
923,68,Other,38773,52,3,9,1477,USA,Berlin,Bronze,03:26.4,Books,6.7,Direct
924,40,Male,62255,72,5,10,2494,USA,Chicago,Bronze,03:26.4,Books,7.9,Organic Search
925,18,Male,26784,39,9,11,673,Canada,Melbourne,Gold,03:26.4,Food & Beverage,7.3,Direct
926,30,Female,22962,53,5,9,2133,Japan,Munich,Bronze,03:26.4,Home & Garden,10,Direct
927,39,Male,72498,78,2,13,1151,USA,Melbourne,Silver,03:26.4,Beauty,8.2,Organic Search
928,36,Other,12123,82,7,9,3213,USA,Houston,Silver,03:26.4,Home & Garden,10,Paid Search
929,45,Male,38041,36,5,6,888,France,Houston,Gold,03:26.4,Food & Beverage,9.1,Direct
930,21,Other,32018,44,7,7,2766,USA,Chicago,Silver,03:26.4,Electronics,7.6,Paid Search
931,62,Female,50240,44,7,7,1038,Canada,Toronto,Silver,03:26.4,Beauty,6.8,Direct
932,39,Male,38773,22,8,11,942,USA,Berlin,Silver,03:26.4,Home & Garden,5.5,Referral
933,57,Male,28509,46,7,12,1343,Canada,Tokyo,Bronze,03:26.4,Home & Garden,8.1,Organic Search
934,45,Other,12960,79,3,10,504,USA,Paris,Gold,03:26.4,Books,6.5,Direct
935,47,Other,48509,29,4,10,1084,UK,Manchester,Bronze,03:26.4,Electronics,6.2,Paid Search
936,49,Female,72764,92,4,11,973,USA,Munich,Bronze,03:26.4,Clothing,8.7,Paid Search
937,47,Male,31198,70,3,8,1137,France,Los Angeles,Gold,03:26.4,Clothing,9.8,Email
938,50,Other,25527,38,7,6,402,UK,Lyon,Bronze,03:26.4,Home & Garden,6.8,Email
939,60,Female,29184,51,7,12,1496,France,Osaka,Gold,03:26.4,Beauty,8.7,Paid Search
940,43,Male,55554,121,3,12,2129,Canada,Berlin,Bronze,03:26.4,Home & Garden,7.8,Referral
941,51,Other,28934,79,7,6,1848,USA,Lyon,Gold,03:26.4,Food & Beverage,8,Social Media
942,39,Female,42804,55,8,7,2708,USA,Munich,Bronze,03:26.4,Books,6.3,Direct
943,62,Other,36824,48,3,9,649,UK,Los Angeles,Bronze,03:26.4,Food & Beverage,7.2,Email
944,30,Other,34972,57,4,13,1661,UK,London,Bronze,03:26.4,Electronics,5.9,Direct
945,67,Female,51567,42,7,12,2285,Canada,Toronto,Gold,03:26.4,Food & Beverage,5.7,Email
946,39,Male,38773,19,1,13,73,France,Tokyo,Platinum,03:26.4,Home & Garden,8.3,Organic Search
947,19,Other,29281,152,4,11,3125,Australia,Sydney,Silver,03:26.4,Food & Beverage,6.7,Organic Search
948,42,Male,54111,59,2,9,633,France,London,Gold,03:26.4,Beauty,6.1,Paid Search
949,30,Male,22171,67,2,9,831,USA,Toronto,Silver,03:26.4,Clothing,5.7,Organic Search
950,40,Male,23386,53,5,12,1334,Germany,Lyon,Platinum,03:26.4,Electronics,5.2,Organic Search
951,30,Male,19338,38,6,5,1220,USA,Vancouver,Gold,03:26.4,Home & Garden,4.6,Social Media
952,33,Male,55520,50,5,4,1123,Germany,Manchester,Bronze,03:26.4,Electronics,7.7,Referral
953,18,Female,34454,25,4,10,513,USA,New York,Gold,03:26.4,Books,3.6,Paid Search
954,18,Female,55654,29,7,4,1297,Australia,Paris,Bronze,03:26.4,Clothing,8.2,Paid Search
955,18,Male,27508,33,4,9,835,Germany,Sydney,Bronze,03:26.4,Beauty,7.4,Referral
956,51,Male,23486,44,2,7,565,USA,Lyon,Platinum,03:26.4,Electronics,7.6,Paid Search
957,52,Female,32931,104,9,12,4391,USA,New York,Platinum,03:26.4,Clothing,7.1,Direct
958,46,Male,76066,55,4,9,1240,UK,Toronto,Gold,03:26.4,Food & Beverage,7.8,Direct
959,25,Female,29808,29,3,13,250,Japan,Tokyo,Platinum,03:26.4,Home & Garden,7.8,Direct
960,39,Male,48420,102,4,12,3082,UK,New York,Gold,03:26.4,Beauty,9.5,Organic Search
961,40,Male,52237,79,4,15,0,Japan,Chicago,Bronze,03:26.4,Beauty,9.8,Referral
962,23,Male,45326,71,6,10,2069,USA,Munich,Bronze,03:26.4,Sports,9.8,Social Media
963,63,Male,68565,78,4,16,2275,UK,Tokyo,Bronze,03:26.4,Electronics,6.3,Social Media
964,40,Other,21344,39,3,11,423,USA,Sydney,Silver,03:26.4,Home & Garden,6.5,Direct
965,43,Male,33785,123,3,9,1572,UK,London,Gold,03:26.4,Home & Garden,6.2,Direct
966,18,Other,22617,66,8,10,3646,Germany,Lyon,Gold,03:26.4,Food & Beverage,6.9,Email
967,36,Other,39096,70,6,6,2269,France,Vancouver,Silver,03:26.4,Beauty,5.9,Organic Search
968,30,Other,37741,23,1,9,22,France,Manchester,Platinum,03:26.4,Beauty,5.4,Social Media
969,25,Female,60433,50,7,11,1069,France,Manchester,Silver,03:26.4,Clothing,8.2,Referral
970,36,Female,42006,36,5,13,1264,Germany,Vancouver,Gold,03:26.4,Books,7.5,Email
971,67,Male,29493,83,7,11,3410,USA,Houston,Silver,03:26.4,Electronics,7.5,Social Media
972,50,Other,44597,93,5,11,3962,Canada,Houston,Bronze,03:26.4,Electronics,8.9,Organic Search
973,31,Female,21696,19,2,10,324,France,Osaka,Platinum,03:26.4,Home & Garden,7.2,Referral
974,49,Male,35630,54,6,14,1398,Japan,Houston,Bronze,03:26.4,Electronics,8.7,Referral
